company_name,company_link,company_location_companiespage,company_phone,company_calendar,logo_link,company_name_copg,Licence No :,Start Date :,Expiry Date :,Address :,Phone :,Email :
FAITH RECRUITMENT AGENCY LIMITED,https://eemis.mglsd.go.ug/companies/FaithRecruitmentAgencyLimited_35516934,"Tindifa valley road ,",+256-769-936607,"Nov 06, 2025 - Nov 05, 2027",https://eemis.mglsd.go.ug/assets/images/brands/comp_2433_1755619747.png,FAITH RECRUITMENT AGENCY LIMITED,E25110007,06 November 2025,05 November 2027,"(' P.O Box 183848', 'Kampala, Uganda ')", +256-769-936607 , mariamamit2606@gmail.com 
ASAKAS (U) LIMITED,https://eemis.mglsd.go.ug/companies/ASAKASULIMITED_34819686,PLOT 12A MUTUBA GARDEN,+256-788-387155,"Jul 04, 2025 - Jul 03, 2027",https://eemis.mglsd.go.ug/assets/images/brands/comp_2409_1744813965.jpeg,ASAKAS (U) LIMITED,E25070005,04 July 2025,03 July 2027,"(' P.O Box 1214 Masaka', 'Masaka, Uganda ')", +256-788-387155 , info@asakassecurity.com 
NEBO RECRUITMENT-SMC LIMITED,https://eemis.mglsd.go.ug/companies/NEBORECRUITMENT-SMCLIMITED_32266566,"KAGUGUBE, MAKERERE KIVULU 1",+256-771-829429,"Feb 11, 2025 - Feb 10, 2027",https://eemis.mglsd.go.ug/assets/images/brands/comp_2319_1732787960.jpg,NEBO RECRUITMENT-SMC LIMITED,E25020003,11 February 2025,10 February 2027,"(' P.O BOX 170848', 'Kampala, Uganda ')", +256-771-829429 , neborecruitmentsmcltd@gmail.com 
KAMULI RECRUITMENT AGENCY -SMC LIMITED,https://eemis.mglsd.go.ug/companies/KAMULIRECRUITMENTAGENCY-SMCLIMITED_31767606,ZANA,+256-701-272328,"May 12, 2025 - May 11, 2027",https://eemis.mglsd.go.ug/assets/images/brands/comp_2301_1739819736.jpeg,KAMULI RECRUITMENT AGENCY -SMC LIMITED,E25050008,12 May 2025,11 May 2027,"(' P.O.BOX 162439, KAMPALA. UGANDA', 'Wakiso, Uganda ')", +256-701-272328 , kamulirecruitmentagency@gmail.com 
ROBINSON RECRUITMENT SOLUTIONS,https://eemis.mglsd.go.ug/companies/RobinsonRecruitmentSolutions_31327350,"Plot 135,Kira Road",+256-776-410559,"May 16, 2025 - May 15, 2027",https://eemis.mglsd.go.ug/assets/images/brands/comp_2285_1730128827.png,ROBINSON RECRUITMENT SOLUTIONS,E25050015,16 May 2025,15 May 2027,"(' P.O Box 145472', 'Kampala, Uganda ')", +256-776-410559 , info@robinson-recruitment.com 
APCON SECURITY SERVICES  LIMITED,https://eemis.mglsd.go.ug/companies/APCONSECURITYSERVICESLIMITED_31053750,"P.O.BOX 111220  KAMPALA, UGANDA",+256-782-888800,"Aug 16, 2024 - Aug 15, 2026",https://eemis.mglsd.go.ug/assets/images/brands/comp_2275_1720431363.jpeg,APCON SECURITY SERVICES  LIMITED,E24080024,16 August 2024,15 August 2026,"(' P.O.BOX 111220, KAMPALA, UGANDA', 'Wakiso, Uganda ')", +256-782-888800 , apconera@gmail.com 
APEX INTERNATIONAL RECRUITMENT AGENCY LTD,https://eemis.mglsd.go.ug/companies/APEXINTERNATIONALRECRUITMENTAGENCYLTD_30808536,PLOT 39 KYAMBOGO MEGHA COMPLEX,+256-707-830410,"Sep 23, 2024 - Sep 22, 2026",https://eemis.mglsd.go.ug/assets/images/brands/comp_2266_1718883579.jpg,APEX INTERNATIONAL RECRUITMENT AGENCY LTD,E24090022,23 September 2024,22 September 2026,"(' 157172 KAMPALA', 'Kampala, Uganda ')", +256-707-830410 , admin@apexiraltd.com 
STAR WORLD RECRUITERS LIMITED,https://eemis.mglsd.go.ug/companies/STARWORLDRECRUITERSLIMITED_30348006,NAJJANANKUMBI ENTEBBE ROAD,+256-783-515983,"Jul 17, 2025 - Jul 16, 2027",https://eemis.mglsd.go.ug/assets/images/brands/comp_2249_1744092172.jpeg,STAR WORLD RECRUITERS LIMITED,E25070013,17 July 2025,16 July 2027,"(' P.O.BOX 159642, KAMPALA', 'Kampala, Uganda ')", +256-783-515983 , worldrecruiter625@gmail.com 
HATARI SECURITY SERVICES LIMITED,https://eemis.mglsd.go.ug/companies/HATARISECURITYSERVICESLIMITED_30294054,145327  KAMPALA,+256787287798,"Apr 09, 2025 - Apr 08, 2027",https://eemis.mglsd.go.ug/assets/images/brands/comp_2247_1733172435.jpg,HATARI SECURITY SERVICES LIMITED,E25040003,09 April 2025,08 April 2027,"(' P. O. BOX 145327 Kampala, Uganda', 'Kampala, Uganda ')", +256787287798 , kwiringirajb@yahoo.com 
ALKHALEEJEA MANPOWER CO. SMC LIMITED,https://eemis.mglsd.go.ug/companies/ALKHALEEJEAMANPOWERCOSMCLIMITED_29783904,"RUBAGA ROAD, MENGO",+256-778-712662,"Sep 23, 2024 - Sep 22, 2026",https://eemis.mglsd.go.ug/assets/images/brands/comp_2228_1720771598.jpg,ALKHALEEJEA MANPOWER CO. SMC LIMITED,E24090029,23 September 2024,22 September 2026,"(' P.O Box ', 'Kampala, Uganda ')", +256-778-712662 , alkhaleejeacosmc@gmail.com 
TERRA TRAIL CONNECT LIMITED,https://eemis.mglsd.go.ug/companies/TERRATRAILCONNECTLIMITED_29757174,KITEBI,+256-775-233152,"Oct 21, 2025 - Oct 20, 2027",https://eemis.mglsd.go.ug/assets/images/brands/comp_2227_1755505264.jpeg,TERRA TRAIL CONNECT LIMITED,E25100012,21 October 2025,20 October 2027,"(' P.O.BOX 135921, KAMPALA, UGANDA', 'Kampala, Uganda ')", +256-775-233152 , terratrailconnect@gmail.com 
JACKOV RECRUITMENT COMPANY - SMC LIMITED,https://eemis.mglsd.go.ug/companies/JACKOVRECRUITMENTCOMPANY-SMCLIMITED_28619136,"NTINDA, KIWATULE",+256-777-700855,"May 22, 2024 - May 21, 2026",https://eemis.mglsd.go.ug/assets/images/brands/comp_2184_1709110636.jpeg,JACKOV RECRUITMENT COMPANY - SMC LIMITED,E24050020,22 May 2024,21 May 2026,"(' P.O.BOX 136849, AMPALA, UGANDA', 'Kampala, Uganda ')", +256-777-700855 , jackovrecruitmentcompany@gmail.com 
MUWONGE RECRUITMENT AGENCY - SMC LTD,https://eemis.mglsd.go.ug/companies/MUWONGERECRUITMENTAGENCY-SMCLTD_28279446,NATETE BUSEGA,+256-752-964537,"Apr 29, 2024 - Apr 28, 2026",https://eemis.mglsd.go.ug/assets/images/brands/comp_2171_1709979674.jpeg,MUWONGE RECRUITMENT AGENCY - SMC LTD,E24040018,29 April 2024,28 April 2026,"(' P.O.BOX 140149, KAMPALA. UGANDA', 'Kampala, Uganda ')", +256-752-964537 , muwongerecruitment@gmail.com 
MELLITHUR INTERNATIONAL AGENCY LTD,https://eemis.mglsd.go.ug/companies/MELLITHURINTERNATIONALAGENCYLTD_26058336,MUTUNGO P.O.BOX 134605,+256-779-831403,"Oct 28, 2024 - Oct 27, 2026",https://eemis.mglsd.go.ug/assets/images/brands/comp_2084_1724774506.png,MELLITHUR INTERNATIONAL AGENCY LTD,E24100016,28 October 2024,27 October 2026,"(' P.O.BOX 134605', 'Kampala, Uganda ')", +256-779-831403 , info@mellithuragency.com 
FRESAM QUALITY JOB RECRUITERS LTD,https://eemis.mglsd.go.ug/companies/FRESAMQUALITYJOBRECRUITERSLTD_23593734,LUNGUJJA,+256-771-023037,"May 31, 2024 - May 30, 2026",https://eemis.mglsd.go.ug/assets/images/brands/comp_1983_1708516097.jpeg,FRESAM QUALITY JOB RECRUITERS LTD,E24050035,31 May 2024,30 May 2026,"(' P.O.BOX 150066, KAMPALA', 'Kampala, Uganda ')", +256-771-023037 , fresamqualityjobrecruiters@gmail.com 
SHARJA LABOUR INTERNATIONAL LTD,https://eemis.mglsd.go.ug/companies/SHARJALABOURINTERNATIONALLTD_23026086,BWEYOGERERE  KITO ROAD,+256-773-466668,"Mar 14, 2024 - Mar 13, 2026",https://eemis.mglsd.go.ug/assets/images/brands/comp_1959_1702143812.jpg,SHARJA LABOUR INTERNATIONAL LTD,E24030003,14 March 2024,13 March 2026,"(' P.O.BOX 112908 KAMPALA, UGANDA', 'Wakiso, Uganda ')", +256-773-466668 , sharjalabour@gmail.com 
SHARP INTERNATIONAL EMPLOYMENT AGENCY LTD,https://eemis.mglsd.go.ug/companies/SHARPINTERNATIONALEMPLOYMENTAGENCYLTD_16454016,107460 KLA,+256-772-332108,"Mar 25, 2025 - Mar 24, 2027",https://eemis.mglsd.go.ug/assets/images/brands/comp_1656_1721914132.jpg,SHARP INTERNATIONAL EMPLOYMENT AGENCY LTD,E25030014,25 March 2025,24 March 2027,"(' P.O Box 107460', 'Kampala, Uganda ')", +256-772-332108 , sharpinternational256@gmail.com 
RUHAM EAST CONSULTANTS LTD,https://eemis.mglsd.go.ug/companies/RUHAMEASTCONSULTANTSLTD_16216416,111643 Wakiso,+256-772-389102,"Apr 09, 2025 - Apr 08, 2027",https://eemis.mglsd.go.ug/assets/images/brands/placeholder.jpg,RUHAM EAST CONSULTANTS LTD,E25040002,09 April 2025,08 April 2027,"(' P.O BOX 111643', 'Kampala, Uganda ')", +256-772-389102 , ruhameastconsultants@gmail.com 
JAWAL INTERNATIONAL AGENCY LTD,https://eemis.mglsd.go.ug/companies/JAWALINTERNATIONALAGENCYLTD_15398424,108797 KAMPALA,+256-771-627213,"Jul 17, 2025 - Jul 16, 2027",https://eemis.mglsd.go.ug/assets/images/brands/comp_1602_1741866963.jpeg,JAWAL INTERNATIONAL AGENCY LTD,E25070014,17 July 2025,16 July 2027,"(' P.O.BOX 108797, KAMPALA , UGANDA', 'Kampala, Uganda ')", +256-771-627213 , jawalinternationallimited@gmail.com 
GESFLY INTERNATIONAL LINKS LIMITED,https://eemis.mglsd.go.ug/companies/GESFLYINTERNATIONALLINKSLIMITED_15321624,107012 KLA,+256-772-401640,"Sep 23, 2024 - Sep 22, 2026",https://eemis.mglsd.go.ug/assets/images/brands/comp_1598_1658242847.jpg,GESFLY INTERNATIONAL LINKS LIMITED,E24090025,23 September 2024,22 September 2026,"(' P.O.BOX 107012 Kampala-Uganda', 'Kampala, Uganda ')", +256-772-401640 , gesflyinternational@gmail.com 
GOSFORD INTERNATIONAL LTD,https://eemis.mglsd.go.ug/companies/GOSFORDINTERNATIONALLTD_15302454,"P.O.BOX 108984, KAMPALA",+256-039-255820,"16 Aug, 2024 - 15 Aug, 2026",https://eemis.mglsd.go.ug/assets/images/brands/comp_1597_1656076723.png,GOSFORD INTERNATIONAL LTD,E24080018,16 August 2024,15 August 2026,"(' P.O Box 108984', 'Kampala, Uganda ')", +256-039-255820 , gosfordint@gmail.com 
BLACK DIAMOND  RECRUITMENT LIMITED,https://eemis.mglsd.go.ug/companies/BLACKDIAMONDRECRUITMENTLIMITED_15168600,"MUTUNDWE, NALUMUNYE ROAD",+256-754-281937,"18 Nov, 2024 - 17 Nov, 2026",https://eemis.mglsd.go.ug/assets/images/brands/comp_1590_1657882969.jpeg,BLACK DIAMOND  RECRUITMENT LIMITED,E24110023,18 November 2024,17 November 2026,"(' 151201 KAMPALA, UGANDA', 'Kampala, Uganda ')", +256-754-281937 , blackDrecruitmentltd@gmail.com 
NASSER RECRUITMENT AGENCY LIMITED,https://eemis.mglsd.go.ug/companies/NASSERRECRUITMENTAGENCYLIMITED_14582886,KYALIWAJALA NAMUGONGO,+256-756-568009,"16 Aug, 2024 - 15 Aug, 2026",https://eemis.mglsd.go.ug/assets/images/brands/comp_1559_1668153715.jpg,NASSER RECRUITMENT AGENCY LIMITED,E24080019,16 August 2024,15 August 2026,"(' P.O.BOX 108412 KAMPALA UGANDA', 'Kampala, Uganda ')", +256-756-568009 , nasserrecruitmentagency@gmail.com 
T & N MIRACLE AGENCIES LTD,https://eemis.mglsd.go.ug/companies/TNMIRACLEAGENCIESLTD_14489496,1456 KAMPALA,+256-752-896624,"18 Jul, 2024 - 17 Jul, 2026",https://eemis.mglsd.go.ug/assets/images/brands/comp_1554_1655720098.jpg,T & N MIRACLE AGENCIES LTD,E24070010,18 July 2024,17 July 2026,"(' P.O Box 1456', 'Kampala, Uganda ')", +256-752-896624 , miracleagencies22@gmail.com 
TASPER INTERNATIONAL LTD,https://eemis.mglsd.go.ug/companies/TASPERINTERNATIONALLTD_14470854,NTINDA,+256782123123,"16 Aug, 2024 - 15 Aug, 2026",https://eemis.mglsd.go.ug/assets/images/brands/comp_1553_1657010989.jpeg,TASPER INTERNATIONAL LTD,E24080021,16 August 2024,15 August 2026,"(' P.O.BOX 73689 KAMPALA', 'Kampala, Uganda ')", +256782123123 , tasperinternational@gmail.com 
AIR BLOW INTERNATIONAL LTD,https://eemis.mglsd.go.ug/companies/AIRBLOWINTERNATIONALLTD_14452224,107650,+256-776-658889,"04 Nov, 2024 - 03 Nov, 2026",https://eemis.mglsd.go.ug/assets/images/brands/comp_1552_1657720192.jpeg,AIR BLOW INTERNATIONAL LTD,E24110002,04 November 2024,03 November 2026,"(' P.O Box 107650', 'Kampala, Uganda ')", +256-776-658889 , airblowinternational@gmail.com 
TRUSTWORTHY PARTNERS LIMITED,https://eemis.mglsd.go.ug/companies/TRUSTWORTHYPARTNERSLIMITED_14303616,105748 KLA,+256-761-685044,"18 Jul, 2024 - 17 Jul, 2026",https://eemis.mglsd.go.ug/assets/images/brands/comp_1544_1652962024.jpg,TRUSTWORTHY PARTNERS LIMITED,E24070007,18 July 2024,17 July 2026,"(' P.O Box NA', 'Kampala, Uganda ')", +256-761-685044 , info.trustworthypartners@gmail.com 
SALEM INTERNATIONAL LIMITED,https://eemis.mglsd.go.ug/companies/SALEMINTERNATIONALLIMITED_14248086,26413 KAMPALA,+256-782-361898,"13 Sep, 2024 - 12 Sep, 2026",https://eemis.mglsd.go.ug/assets/images/brands/comp_1541_1654340607.jpg,SALEM INTERNATIONAL LIMITED,E24090015,13 September 2024,12 September 2026,"(' P.O Box ', 'Kampala, Uganda ')", +256-782-361898 , salemjd2022@gmail.com 
FRAHA RECRUITMENT AGENCY LIMITED,https://eemis.mglsd.go.ug/companies/FRAHARECRUITMENTAGENCYLIMITED_14137350,LUKADE ROAD KYALIWAJALA,+256-704-022400,"14 Oct, 2024 - 13 Oct, 2026",https://eemis.mglsd.go.ug/assets/images/brands/comp_1535_1659616473.jpg,FRAHA RECRUITMENT AGENCY LIMITED,E24100004,14 October 2024,13 October 2026,"(' P.o.Box 108878, KAMPALA', 'Wakiso, Uganda ')", +256-704-022400 , fraharecruitmentagencyltd@gmail.com 
TWALIF COMPANY LIMITED,https://eemis.mglsd.go.ug/companies/TWALIFCOMPANYLIMITED_14063766,"23862, KAMPALA",+256-701-556298,"18 Feb, 2025 - 17 Feb, 2027",https://eemis.mglsd.go.ug/assets/images/brands/comp_1531_1659534862.jpg,TWALIF COMPANY LIMITED,E25020007,18 February 2025,17 February 2027,"(' P.O BOX 23862 KAMPALA', 'Kampala, Uganda ')", +256-701-556298 , twalifcompanylimited@gmail.com 
HAFIITH ENTERPRISES LTD,https://eemis.mglsd.go.ug/companies/HAFIITHENTERPRISESLTD_14027046,107063,+256-704-110429,"07 Sep, 2025 - 06 Sep, 2027",https://eemis.mglsd.go.ug/assets/images/brands/comp_1529_1669999940.jpeg,HAFIITH ENTERPRISES LTD,E25090003,07 September 2025,06 September 2027,"(' P.O Box 111253', 'Wakiso, Uganda ')", +256-704-110429 , hafiithenterprises@gmail.com 
5 KMG INTERNATIONAL LTD,https://eemis.mglsd.go.ug/companies/5KMGINTERNATIONALLTD_13862400,OLD KAMPALA,+256-709-696959,"15 Apr, 2024 - 14 Apr, 2026",https://eemis.mglsd.go.ug/assets/images/brands/comp_1520_1702655030.jpeg,5 KMG INTERNATIONAL LTD,E24040010,15 April 2024,14 April 2026,"(' P.O.BOX 125574, KAMPALA, UGANDA', 'Kampala, Uganda ')", +256-709-696959 , 5kmgint@gmail.com 
HEIV INTERNATIONAL LTD,https://eemis.mglsd.go.ug/companies/HEIVINTERNATIONALLTD_13680600,"11402, KAMPALA",+256-754-758845,"09 Apr, 2025 - 08 Apr, 2027",https://eemis.mglsd.go.ug/assets/images/brands/comp_1510_1656940044.jpg,HEIV INTERNATIONAL LTD,E25040001,09 April 2025,08 April 2027,"(' P.O Box ', 'Kampala, Uganda ')", +256-754-758845 , heivinternationallimited22@gmail.com 
PEAK LABOUR GIANTS LIMITED,https://eemis.mglsd.go.ug/companies/PeakLabourGiantsLimited_13500000,Kulambiro Kisasi Road,+256-701-588214,"17 May, 2024 - 16 May, 2026",https://eemis.mglsd.go.ug/assets/images/brands/comp_1500_1650369075.png,PEAK LABOUR GIANTS LIMITED,E24050013,17 May 2024,16 May 2026,"(' P.O.BOX 106706 KAMPALA', 'Kampala, Uganda ')", +256-701-588214 , peaklabourgiants@gmail.com 
FREE ZONE INTERNATIONAL RECRUITMENT AGENCY LTD,https://eemis.mglsd.go.ug/companies/FREEZONEINTERNATIONALRECRUITMENTAGENCYLTD_12965400,105786,+256-755-960507,"18 Jul, 2024 - 17 Jul, 2026",https://eemis.mglsd.go.ug/assets/images/brands/comp_1470_1652433865.png,FREE ZONE INTERNATIONAL RECRUITMENT AGENCY LTD,E24070013,18 July 2024,17 July 2026,"(' 105786 - KAMPALA', 'Wakiso, Uganda ')", +256-755-960507 , freezoneinternational1@gmail.com 
OPTIVEN UGANDA LIMITED,https://eemis.mglsd.go.ug/companies/OPTIVENUGANDALIMITED_12789600,KITEBI,+256-771-829429,"14 Oct, 2024 - 13 Oct, 2026",https://eemis.mglsd.go.ug/assets/images/brands/comp_1460_1658168856.jpg,OPTIVEN UGANDA LIMITED,E24100003,14 October 2024,13 October 2026,"(' P.O.BOX 3065 KAMPALA UGANDA', 'Kampala, Uganda ')", +256-771-829429 , optivenugandaltd2022@gmail.com 
BABCOOK AND BELLWAY INVESTMENT LTD,https://eemis.mglsd.go.ug/companies/BABCOOKANDBELLWAYINVESTMENTLTD_12649824,NAJJANANKUMBI,+256-782-356690,"18 Nov, 2024 - 17 Nov, 2026",https://eemis.mglsd.go.ug/assets/images/brands/comp_1452_1660120807.jpg,BABCOOK AND BELLWAY INVESTMENT LTD,E24110012,18 November 2024,17 November 2026,"(' P.O.BOX 600083, KAMPALA UGANDA', 'Kampala, Uganda ')", +256-782-356690 , babcookandbellway@gmail.com 
CRYSTAL JOBMARTS COMPANY LTD,https://eemis.mglsd.go.ug/companies/CRYSTALJOBMARTSCOMPANYLTD_12580224,"PLOT 1085, SEBOWA ROAD, SEBOWA ZONE, KIWATULE",+256-704-697917,"04 Nov, 2024 - 03 Nov, 2026",https://eemis.mglsd.go.ug/assets/images/brands/comp_1448_1652115071.jpg,CRYSTAL JOBMARTS COMPANY LTD,E24110006,04 November 2024,03 November 2026,"(' 102753 KAMPALA', 'Kampala, Uganda ')", +256-704-697917 , crystaljobmartscoltd@gmail.com 
HIREON AGENCY LIMITED,https://eemis.mglsd.go.ug/companies/HIREONAGENCYLIMITED_12338136,RUBAGA,+256-786-702000,"18 Nov, 2024 - 17 Nov, 2026",https://eemis.mglsd.go.ug/assets/images/brands/comp_1434_1657657804.jpg,HIREON AGENCY LIMITED,E24110017,18 November 2024,17 November 2026,"(' P.O.BOX 30835 KAMPALA UGANDA', 'Kampala, Uganda ')", +256-786-702000 , hireonagency@gmail.com 
AIRSWIFT RECRUITMENT COMPANY LTD,https://eemis.mglsd.go.ug/companies/AIRSWIFTRECRUITMENTCOMPANYLTD_12200856,0787665412,+256-787-665412,"08 Aug, 2024 - 07 Aug, 2026",https://eemis.mglsd.go.ug/assets/images/brands/comp_1426_1657791171.png,AIRSWIFT RECRUITMENT COMPANY LTD,E24080005,08 August 2024,07 August 2026,"(' P.O Box 107594', 'Kampala, Uganda ')", +256-787-665412 , airswiftrecruitment040@gmail.com 
KAGADI RECRUITMENT AGENCY LIMITED,https://eemis.mglsd.go.ug/companies/KAGADIRECRUITMENTAGENCYLIMITED_11592600,"98, KAGADI",+256-789-316605,"19 Jun, 2024 - 18 Jun, 2026",https://eemis.mglsd.go.ug/assets/images/brands/comp_1390_1715249231.png,KAGADI RECRUITMENT AGENCY LIMITED,E24060009,19 June 2024,18 June 2026,"(' P.O Box 98, Kagadi', 'Wakiso, Uganda ')", +256-789-316605 , info@kagadirecruitment.com 
IQ PLUS NETWORKS LIMITED,https://eemis.mglsd.go.ug/companies/IQPLUSNETWORKSLIMITED_11409846,"GOGONYA ROAD,NSAMBYA,KAMPALA",+256-414-673647,"23 Sep, 2024 - 22 Sep, 2026",https://eemis.mglsd.go.ug/assets/images/brands/comp_1379_1648631814.jpg,IQ PLUS NETWORKS LIMITED,E24090030,23 September 2024,22 September 2026,"(' 101838 KAMPALA', 'Kampala, Uganda ')", +256-414-673647 , info@iqplusnetworks.com 
ALMAHTTA RECRUITMENT AGENCY LTD,https://eemis.mglsd.go.ug/companies/ALMAHTTARECRUITMENTAGENCYLTD_10999896,105868 KAMPALA,+256-787-256547,"23 Aug, 2024 - 22 Aug, 2026",https://eemis.mglsd.go.ug/assets/images/brands/comp_1354_1653430442.jpeg,ALMAHTTA RECRUITMENT AGENCY LTD,E24080030,23 August 2024,22 August 2026,"(' P.O Box ', 'Kampala, Uganda ')", +256-787-256547 , almahtta22022@gmail.com 
GOLD SILVER MANAGEMENT - SMC- (U) LIMITED,https://eemis.mglsd.go.ug/companies/GOLDSILVERMANAGEMENT-SMC-ULIMITED_10886454,"113533,KAMPALA",+256-760-598706,"06 Nov, 2025 - 05 Nov, 2027",https://eemis.mglsd.go.ug/assets/images/brands/comp_1347_1669645629.jpg,GOLD SILVER MANAGEMENT - SMC- (U) LIMITED,E25110008,06 November 2025,05 November 2027,"(' 113533, KAMPALA', 'Kampala, Uganda ')", +256-760-598706 , goldsilver.operations@gmail.com 
MIREMBE RECRUITMENT CO. LTD,https://eemis.mglsd.go.ug/companies/MIREMBERECRUITMENTCOLTD_10757526,AT BUYE (MIREMBE HOUSE) ALONG OLD KIRA ROAD (MAMA WA AFRICA CLOSE),+256-759-928917,"13 Sep, 2024 - 12 Sep, 2026",https://eemis.mglsd.go.ug/assets/images/brands/comp_1339_1648566382.jpg,MIREMBE RECRUITMENT CO. LTD,E24090016,13 September 2024,12 September 2026,"(' P.O.BOX 108242, KAMPALA', 'Kampala, Uganda ')", +256-759-928917 , miremberecruitment@gmail.com 
ALKHAD IMPACT AGENCY LIMITED,https://eemis.mglsd.go.ug/companies/ALKHADIMPACTAGENCYLIMITED_10613400,"RUBAGA ROAD, KAKEEKA, RUBAGA DIVISION, KAMPALA",+256-701-395712,"18 Jul, 2024 - 17 Jul, 2026",https://eemis.mglsd.go.ug/assets/images/brands/comp_1330_1651055110.jpeg,ALKHAD IMPACT AGENCY LIMITED,E24070009,18 July 2024,17 July 2026,"(' 106262 KAMPALA', 'Kampala, Uganda ')", +256-701-395712 , alkhadimpact@gmail.com 
SUNLAND AGENCIES LTD,https://eemis.mglsd.go.ug/companies/SUNLANDAGENCIESLTD_10454400,+256702749494,+256-702-749494,"08 Aug, 2024 - 07 Aug, 2026",https://eemis.mglsd.go.ug/assets/images/brands/comp_1320_1653905587.jpg,SUNLAND AGENCIES LTD,E24080011,08 August 2024,07 August 2026,"(' P.O Box 1456', 'Kampala, Uganda ')", +256-702-749494 , sunlandagencies@gmail.com 
SUUDI RECRUITMENT AGENCY LTD,https://eemis.mglsd.go.ug/companies/SUUDIRECRUITMENTAGENCYLTD_10328064,"14121, MENGO",+256-702-556069,"08 Aug, 2024 - 07 Aug, 2026",https://eemis.mglsd.go.ug/assets/images/brands/comp_1312_1649835219.gif,SUUDI RECRUITMENT AGENCY LTD,E24080008,08 August 2024,07 August 2026,"(' P.O Box 14121, MENGO', 'Kampala, Uganda ')", +256-702-556069 , ssuudirecruitmentagencyltd@gmail.com 
TREASURED ABILITIES INTERNATIONAL AGENCIES LTD,https://eemis.mglsd.go.ug/companies/TREASUREDABILITIESINTERNATIONALAGENCIESLTD_10062150,KIREKA WARD,+256-704-701165,"19 Jun, 2024 - 18 Jun, 2026",https://eemis.mglsd.go.ug/assets/images/brands/comp_1295_1715616913.jpeg,TREASURED ABILITIES INTERNATIONAL AGENCIES LTD,E24060010,19 June 2024,18 June 2026,"(' P.O BOX 106449 Kampala', 'Wakiso, Uganda ')", +256-704-701165 , treasuredabilitiesltd256@gmail.com 
KETING TAWAKAL LOGISTICS (U) LTD,https://eemis.mglsd.go.ug/companies/KETINGTAWAKALLOGISTICSULTD_9799704,2889 KLA,+256-704-506555,"23 Sep, 2024 - 22 Sep, 2026",https://eemis.mglsd.go.ug/assets/images/brands/comp_1278_1652131951.png,KETING TAWAKAL LOGISTICS (U) LTD,E24090026,23 September 2024,22 September 2026,"(' 2889 Kampala Uganda', 'Wakiso, Uganda ')", +256-704-506555 , kharim_5@yahoo.com 
AROVA REALITY LIMITED,https://eemis.mglsd.go.ug/companies/AROVAREALITYLIMITED_9330054,265889 Kampala,+256-780-209028,"18 Nov, 2024 - 17 Nov, 2026",https://eemis.mglsd.go.ug/assets/images/brands/comp_1247_1652967495.jpg,AROVA REALITY LIMITED,E24110013,18 November 2024,17 November 2026,"(' P.O Box 106159', 'Kampala, Uganda ')", +256-780-209028 , arovao@gmail.com 
S.A INTEGRATED STAFFING SERVICES LIMITED,https://eemis.mglsd.go.ug/companies/SAINTEGRATEDSTAFFINGSERVICESLIMITED_9121734,105409,+256-759-666066,"04 Nov, 2024 - 03 Nov, 2026",https://eemis.mglsd.go.ug/assets/images/brands/comp_1233_1649250704.jpeg,S.A INTEGRATED STAFFING SERVICES LIMITED,E24110001,04 November 2024,03 November 2026,"(' P.O Box 105409', 'Kampala, Uganda ')", +256-759-666066 , s.a.staffing.services.ltd@gmail.com 
JAKE EMPLOYMENT AGENCY LIMITED,https://eemis.mglsd.go.ug/companies/JAKEEMPLOYMENTAGENCYLIMITED_9018456,34244 KLA,+256-712-496699,"06 Dec, 2024 - 05 Dec, 2026",https://eemis.mglsd.go.ug/assets/images/brands/comp_1226_1724407848.jpg,JAKE EMPLOYMENT AGENCY LIMITED,E24120008,06 December 2024,05 December 2026,"(' P.O. BOX 72117', 'Wakiso, Uganda ')", +256-712-496699 , jakeemploymentagencylimited@gmail.com 
GAMBY CONSULTS LIMITED,https://eemis.mglsd.go.ug/companies/GAMBYCONSULTSLIMITED_8799126,NTINDA,+256782123123,"04 Nov, 2024 - 03 Nov, 2026",https://eemis.mglsd.go.ug/assets/images/brands/comp_1211_1653599876.jpeg,GAMBY CONSULTS LIMITED,E24110003,04 November 2024,03 November 2026,"(' P.O BOX 73689 KAMPALA', 'Kampala, Uganda ')", +256782123123 , gambyconsults@gmail.com 
AUNTHETIC RECRUITMENT CENTER LIMITED,https://eemis.mglsd.go.ug/companies/AUNTHETICRECRUITMENTCENTERLIMITED_8784600,NAMUGONGO,+256-782-554654,"21 Oct, 2025 - 20 Oct, 2027",https://eemis.mglsd.go.ug/assets/images/brands/comp_1210_1690555964.jpeg,AUNTHETIC RECRUITMENT CENTER LIMITED,E25100013,21 October 2025,20 October 2027,"(' P.O.BOX 123848 KAMPALA, UGANDA', 'Kampala, Uganda ')", +256-782-554654 , auntheticrecruitmentcenter@gmail.com 
ELECTRA HR CONSULTANCY - LTD,https://eemis.mglsd.go.ug/companies/ELECTRAHRCONSULTANCY-LTD_8354400,104025 KAMPALA,+256-393-256814,"23 Aug, 2024 - 22 Aug, 2026",https://eemis.mglsd.go.ug/assets/images/brands/comp_1180_1646645701.jpg,ELECTRA HR CONSULTANCY - LTD,E24080034,23 August 2024,22 August 2026,"(' 104025 KAMPALA', 'Kampala, Uganda ')", +256-393-256814 , electrahr22@gmail.com 
LEGIT RECRUITMENT CONSULTANTS LTD,https://eemis.mglsd.go.ug/companies/LEGITRECRUITMENTCONSULTANTSLTD_8340246,MUTUNDWE,+256-700-438623,"23 Aug, 2024 - 22 Aug, 2026",https://eemis.mglsd.go.ug/assets/images/brands/comp_1179_1652879478.jpeg,LEGIT RECRUITMENT CONSULTANTS LTD,E24080038,23 August 2024,22 August 2026,"(' P.O.BOX 107813 KAMPALA UGANDA', 'Kampala, Uganda ')", +256-700-438623 , legitrecruitmentconsultants@gmail.com 
OZAZ RECRUITMENT SERVICES UGANDA LIMITED,https://eemis.mglsd.go.ug/companies/OZAZRECRUITMENTSERVICESUGANDALIMITED_8269656,MUTESA 1 ROAD,+256-753-520685,"12 May, 2025 - 11 May, 2027",https://eemis.mglsd.go.ug/assets/images/brands/comp_1174_1669291804.png,OZAZ RECRUITMENT SERVICES UGANDA LIMITED,E25050004,12 May 2025,11 May 2027,"(' P.O.BOX 26866 KAMPALA, UGANDA', 'Kampala, Uganda ')", +256-753-520685 , ozazrecruitment@gmail.com 
BUJARA OVERSEAS AGENCY LTD,https://eemis.mglsd.go.ug/companies/BUJARAOVERSEASAGENCYLTD_7405926,KITEBI  MUTUNDWE,+256775233152,"08 Aug, 2024 - 07 Aug, 2026",https://eemis.mglsd.go.ug/assets/images/brands/comp_1111_1651218940.jpg,BUJARA OVERSEAS AGENCY LTD,E24080015,08 August 2024,07 August 2026,"(' P.O.BOX 106219 KAMPALA UGANDA', 'Kampala, Uganda ')", +256775233152 , bujaraoverseasagency@gmail.com 
KANAKAR RECRUITMENT AGENCY  LTD,https://eemis.mglsd.go.ug/companies/KANAKARRECRUITMENTAGENCYLTD_7246806,KABUSU GAMOTOKA ROAD,+256-708-040077,"02 Sep, 2024 - 01 Sep, 2026",https://eemis.mglsd.go.ug/assets/images/brands/comp_1099_1657093119.jpg,KANAKAR RECRUITMENT AGENCY  LTD,E24090004,02 September 2024,01 September 2026,"(' P.O.BOX 108396  KAMPALA UGANDA', 'Kampala, Uganda ')", +256-708-040077 , kanakarrecruitment@gmail.com 
PIC DIVERSE OPPORTUNITIES LTD,https://eemis.mglsd.go.ug/companies/PICDIVERSEOPPORTUNITIESLTD_6933750,NSAMBYA ESTATE,+256741961161,"06 Mar, 2025 - 05 Mar, 2027",https://eemis.mglsd.go.ug/assets/images/brands/comp_1075_1657018030.jpg,PIC DIVERSE OPPORTUNITIES LTD,E25030004,06 March 2025,05 March 2027,"(' P.O.BOX 105658 KAMPALA UGANDA', 'Kampala, Uganda ')", +256741961161 , diverse.oportunities@gmail.com 
ENVIRON PLUS UGANDA LIMITED,https://eemis.mglsd.go.ug/companies/ENVIRONPLUSUGANDALIMITED_6242400,MUTUNDWE,+256-754-045974,"13 Sep, 2024 - 12 Sep, 2026",https://eemis.mglsd.go.ug/assets/images/brands/comp_1020_1658838653.jpg,ENVIRON PLUS UGANDA LIMITED,E24090017,13 September 2024,12 September 2026,"(' P.O.BOX 72632 KAMPALA UGANDA', 'Kampala, Uganda ')", +256-754-045974 , environplus256@gmail.com 
EJM GLOBAL MANPOWER LTD,https://eemis.mglsd.go.ug/companies/EJMGLOBALMANPOWERLTD_6036054,"P.O BOX 800538, Wakiso Uganda",+256-740-000054,"02 Sep, 2024 - 01 Sep, 2026",https://eemis.mglsd.go.ug/assets/images/brands/comp_1003_1718193664.jpg,EJM GLOBAL MANPOWER LTD,E24090003,02 September 2024,01 September 2026,"(' P.O BOX 800538, WAKISO UGANDA', 'Wakiso, Uganda ')", +256-740-000054 , info@ejmuganda.com 
ABSHIR COMPANY LTD,https://eemis.mglsd.go.ug/companies/ABSHIRCOMPANYLTD_5964054,3443,+256-752-224210,"02 Sep, 2024 - 01 Sep, 2026",https://eemis.mglsd.go.ug/assets/images/brands/comp_997_1719315031.jpg,ABSHIR COMPANY LTD,E24090002,02 September 2024,01 September 2026,"(' 30515 KAMPALA', 'Kampala, Uganda ')", +256-752-224210 , abshircompanylimited@gmail.com 
LEGACY RECRUITMENT AGENCY  LTD,https://eemis.mglsd.go.ug/companies/LEGACYRECRUITMENTAGENCYLTD_5952096,"KYADONDO BLOCK 220, PLOT 108",+256-704-628120,"19 Jun, 2024 - 18 Jun, 2026",https://eemis.mglsd.go.ug/assets/images/brands/comp_996_1645611640.jpg,LEGACY RECRUITMENT AGENCY  LTD,E24060008,19 June 2024,18 June 2026,"(' P.O Box 104811', 'Kampala, Uganda ')", +256-704-628120 , legacyrecruitmentagencyltd@gmail.com 
LINFORD CONSULTANTS LTD,https://eemis.mglsd.go.ug/companies/LINFORDCONSULTANTSLTD_5762400,NAJJANANKUMBI II,+256756842109,"18 Nov, 2024 - 17 Nov, 2026",https://eemis.mglsd.go.ug/assets/images/brands/comp_980_1654169279.jpg,LINFORD CONSULTANTS LTD,E24110014,18 November 2024,17 November 2026,"(' P.O.BOX 106783 KAMPALA UGANDA', 'Kampala, Uganda ')", +256756842109 , info.linfordconsultantsltd@gmail.com 
DILIGENT OVERSEAS RECRUITMENT AGENCY LTD,https://eemis.mglsd.go.ug/companies/DILIGENTOVERSEASRECRUITMENTAGENCYLTD_5738904,105431 kampala,+256700328938,"06 Dec, 2024 - 05 Dec, 2026",https://eemis.mglsd.go.ug/assets/images/brands/comp_978_1727378490.jpeg,DILIGENT OVERSEAS RECRUITMENT AGENCY LTD,E24120006,06 December 2024,05 December 2026,"(' P.O Box ', 'Wakiso, Uganda ')", +256700328938 , overseasd9@gmail.com 
ULTIMATE OPTIONS LIMITED,https://eemis.mglsd.go.ug/companies/ULTIMATEOPTIONSLIMITED_5552664,21827 kampala,+256-703-022114,"17 May, 2024 - 16 May, 2026",https://eemis.mglsd.go.ug/assets/images/brands/comp_962_1646033636.jpg,ULTIMATE OPTIONS LIMITED,E24050011,17 May 2024,16 May 2026,"(' 21827 Kampala', 'Mukono, Uganda ')", +256-703-022114 , sendugwag@yahoo.com 
VBC POWER PROGRESS LTD,https://eemis.mglsd.go.ug/companies/VBCPOWERPROGRESSLTD_5256576,MAKINDYE KIZUNGU,+256-761-609475,"24 Feb, 2025 - 23 Feb, 2027",https://eemis.mglsd.go.ug/assets/images/brands/comp_936_1663330160.png,VBC POWER PROGRESS LTD,E25020011,24 February 2025,23 February 2027,"(' P.0.BOX 2142 KAMPALA , UGANDA', 'Kampala, Uganda ')", +256-761-609475 , vbcpowerprogress@gmail.com 
SOVRAN RECRUITMENT AGENCY LIMITED,https://eemis.mglsd.go.ug/companies/SOVRANRECRUITMENTAGENCYLIMITED_5200566,71481 KAMPALA,+256-200-919335,"08 Aug, 2024 - 07 Aug, 2026",https://eemis.mglsd.go.ug/assets/images/brands/comp_931_1651002557.png,SOVRAN RECRUITMENT AGENCY LIMITED,E24080007,08 August 2024,07 August 2026,"(' 71481 CLOCK TOWER KAMPALA', 'Kampala, Uganda ')", +256-200-919335 , eliotainomugisha@yahoo.co.uk 
CARMEL EMPLOYMENT SERVICES (U) LIMITED,https://eemis.mglsd.go.ug/companies/CARMELEMPLOYMENTSERVICESULIMITED_5100504,72476 KAMPALA,+256-752-402777,"22 Jun, 2024 - 21 Jun, 2026",https://eemis.mglsd.go.ug/assets/images/brands/comp_922_1716810984.jpg,CARMEL EMPLOYMENT SERVICES (U) LIMITED,E24060018,22 June 2024,21 June 2026,"(' P.O Box 72476', 'Kampala, Uganda ')", +256-752-402777 , carmelemploymentservices@gmail.com 
ABUU SHAGGAALA COMPANY LIMITED,https://eemis.mglsd.go.ug/companies/ABUUSHAGGAALACOMPANYLIMITED_5056344,"P.O.BOX 111253, Wakiso",+256-704-110429,"24 Jan, 2025 - 23 Jan, 2027",https://eemis.mglsd.go.ug/assets/images/brands/comp_918_1653326280.jpg,ABUU SHAGGAALA COMPANY LIMITED,E25010013,24 January 2025,23 January 2027,"(' P.O Box 111253', 'Wakiso, Uganda ')", +256-704-110429 , abushaggalacoltd21@gmail.com 
ALMALAK LASSY RECRUITMENT CONSULT LTD,https://eemis.mglsd.go.ug/companies/ALMALAKLASSYRECRUITMENTCONSULTLTD_4881624,"East African Road, Kyambogo, Kampala Uganda.",+256-782-986543,"11 Feb, 2025 - 10 Feb, 2027",https://eemis.mglsd.go.ug/assets/images/brands/comp_902_1659631679.jpg,ALMALAK LASSY RECRUITMENT CONSULT LTD,E25020002,11 February 2025,10 February 2027,"(' P.O Box ', 'Kampala, Uganda ')", +256-782-986543 , jobs@almalakug.com 
AL-MASHYU COMPANY LIMITED,https://eemis.mglsd.go.ug/companies/AL-MASHYUCOMPANYLIMITED_4667544,+256774341610,+256-704-341610,"28 Oct, 2024 - 27 Oct, 2026",https://eemis.mglsd.go.ug/assets/images/brands/comp_882_1651239196.png,AL-MASHYU COMPANY LIMITED,E24100015,28 October 2024,27 October 2026,"(' P.O. Box 104835', 'Kampala, Uganda ')", +256-704-341610 , hassan.rashid44@gmail.com 
MKR CONSULT LTD,https://eemis.mglsd.go.ug/companies/MKRCONSULTLTD_4520544,+256772848525,+256-039-356375,"23 Aug, 2024 - 22 Aug, 2026",https://eemis.mglsd.go.ug/assets/images/brands/comp_868_1651660366.jpeg,MKR CONSULT LTD,E24080035,23 August 2024,22 August 2026,"(' P.O Box 107997', 'Kampala, Uganda ')", +256-039-356375 , mkrconsultltd56@gmail.com 
AVANT SECURITY LIMITED,https://eemis.mglsd.go.ug/companies/AVANTSECURITYLIMITED_4510134,+256200953565,+256-200-953565,"18 Nov, 2024 - 17 Nov, 2026",https://eemis.mglsd.go.ug/assets/images/brands/comp_867_1727448785.jpg,AVANT SECURITY LIMITED,E24110016,18 November 2024,17 November 2026,"(' P.O BOX 2213', 'Kampala, Uganda ')", +256-200-953565 , avantsecurit@gmail.com 
VIANNY RECRUITMENT LTD,https://eemis.mglsd.go.ug/companies/VIANNYRECRUITMENTLTD_4447926,NATETE,+256-756-578626,"08 Aug, 2024 - 07 Aug, 2026",https://eemis.mglsd.go.ug/assets/images/brands/comp_861_1653548547.jpg,VIANNY RECRUITMENT LTD,E24080014,08 August 2024,07 August 2026,"(' P.O.BOX 104864 KAMPALA .UGANDA', 'Kampala, Uganda ')", +256-756-578626 , viannyrecruitmentltd@gmail.com 
MILLENIUM LINK LTD,https://eemis.mglsd.go.ug/companies/MILLENIUMLINKLTD_4345206,WAKALIGA RUBAGA DIVISION,+256703427797,"02 Jul, 2024 - 01 Jul, 2026",https://eemis.mglsd.go.ug/assets/images/brands/comp_851_1651648799.png,MILLENIUM LINK LTD,E24070001,02 July 2024,01 July 2026,"(' P.O BOX 104606 KAMPALA UGANDA', 'Kampala, Uganda ')", +256703427797 , milleniumlink196@gmail.com 
CORPORATE RECRUITMENT AGENCY LTD,https://eemis.mglsd.go.ug/companies/CORPORATERECRUITMENTAGENCYLTD_4314624,+256778474851,+256-705-095415,"24 Jan, 2025 - 23 Jan, 2027",https://eemis.mglsd.go.ug/assets/images/brands/comp_848_1729500373.jpg,CORPORATE RECRUITMENT AGENCY LTD,E25010015,24 January 2025,23 January 2027,"(' P.O Box 698', 'Kampala, Uganda ')", +256-705-095415 , corp.recruitagency@gmail.com 
SMILE JOBS CONSULTANTS LTD,https://eemis.mglsd.go.ug/companies/SMILEJOBSCONSULTANTSLTD_4304454,BUSEGA,+256782868614,"29 Apr, 2024 - 28 Apr, 2026",https://eemis.mglsd.go.ug/assets/images/brands/comp_847_1648120952.jpeg,SMILE JOBS CONSULTANTS LTD,E24040020,29 April 2024,28 April 2026,"(' P.O.BOX 104841 KAMPALA UGANDA', 'Kampala, Uganda ')", +256782868614 , smilejobsconsultants@gmail.com 
CAPACITY LABOUR AGENCY LTD,https://eemis.mglsd.go.ug/companies/CAPACITYLABOURAGENCYLTD_4253784,KISASI,+256-700-436695,"23 Sep, 2024 - 22 Sep, 2026",https://eemis.mglsd.go.ug/assets/images/brands/comp_842_1652946837.jpg,CAPACITY LABOUR AGENCY LTD,E24090028,23 September 2024,22 September 2026,"(' P.O.BOX 22952KAMPALA UGANDA', 'Kampala, Uganda ')", +256-700-436695 , capacitylabouragencyltd@gmail.com 
PRESTIGE LINK LTD,https://eemis.mglsd.go.ug/companies/PRESTIGELINKLTD_4223526,NTINDA PRESTIGE LINK LTD,+256-704-437662,"29 Apr, 2024 - 28 Apr, 2026",https://eemis.mglsd.go.ug/assets/images/brands/comp_839_1711482141.jpg,PRESTIGE LINK LTD,E24040012,29 April 2024,28 April 2026,"(' 9030 KAMPALA', 'Kampala, Uganda ')", +256-704-437662 , prestigelink01@gmail.com 
KRYSTAL RECRUITERS (U) LTD,https://eemis.mglsd.go.ug/companies/KRYSTALRECRUITERSULTD_4183350,34600 KAMPALA,+256-773-128543,"25 Jul, 2024 - 24 Jul, 2026",https://eemis.mglsd.go.ug/assets/images/brands/comp_835_1650373676.jpg,KRYSTAL RECRUITERS (U) LTD,E24070018,25 July 2024,24 July 2026,"(' 34600, Kampala', 'Kampala, Uganda ')", +256-773-128543 , krystalrecruitersuganda@gmail.com 
ABYAN INTERNATIONAL (U) LTD,https://eemis.mglsd.go.ug/companies/ABYANINTERNATIONALULTD_3393024,"108118,KONGE MAKINDYE, KAMPALA",0709468979,"31 May, 2024 - 30 May, 2026",https://eemis.mglsd.go.ug/assets/images/brands/comp_752_1710753666.jpg,ABYAN INTERNATIONAL (U) LTD,E24050032,31 May 2024,30 May 2026,"(' 108118,KAMPALA', 'Kampala, Uganda ')", 0709468979 , abyaninternational256@gmail.com 
EFADAH RECRUITMENT (U) LIMITED,https://eemis.mglsd.go.ug/companies/EFADAHRECRUITMENTULIMITED_1641174,40250 KLA,+256-700-573317,"06 Mar, 2025 - 05 Mar, 2027",https://eemis.mglsd.go.ug/assets/images/brands/comp_523_1662827225.jpg,EFADAH RECRUITMENT (U) LIMITED,E25030002,06 March 2025,05 March 2027,"(' P.O Box 40250 KLA', 'Kampala, Uganda ')", +256-700-573317 , efadahrecruitment1@gmail.com 
RACLE JOB CONSULTANTS LTD,https://eemis.mglsd.go.ug/companies/RACLEJOBCONSULTANTSLTD_1634904,"102422,KAMPALA",+256-708-207730,"25 Mar, 2025 - 24 Mar, 2027",https://eemis.mglsd.go.ug/assets/images/brands/comp_522_1656598834.jpeg,RACLE JOB CONSULTANTS LTD,E25030016,25 March 2025,24 March 2027,"(' 14336, KAMPALA', 'Kampala, Uganda ')", +256-708-207730 , raclejobs@gmail.com 
GOPRO UGANDA LIMITED,https://eemis.mglsd.go.ug/companies/GOPROUGANDALIMITED_1622400,32211 KAMPALA,+256-772-461569,"02 Sep, 2024 - 01 Sep, 2026",https://eemis.mglsd.go.ug/assets/images/brands/placeholder.jpg,GOPRO UGANDA LIMITED,E24090005,02 September 2024,01 September 2026,"(' P.O Box 32211', 'Kampala, Uganda ')", +256-772-461569 , gopro.u.ltd@gmail.com 
MAWARID RECRUITMENT LIMITED,https://eemis.mglsd.go.ug/companies/MAWARIDRECRUITMENTLIMITED_1603734,"Nansana, Opposite Africa Oil Petrol Station",+256-774-090712,"12 May, 2025 - 11 May, 2027",https://eemis.mglsd.go.ug/assets/images/brands/comp_517_1660646035.png,MAWARID RECRUITMENT LIMITED,E25050005,12 May 2025,11 May 2027,"(' P.O Box 110750', 'Wakiso, Uganda ')", +256-774-090712 , kabaphanta@gmail.com 
JABRAN INTERNATIONAL RECRUITMENT AGENCY LTD,https://eemis.mglsd.go.ug/companies/JABRANINTERNATIONALRECRUITMENTAGENCYLTD_1597536,"Lowe Nsooba, Mulago III, Kawempe Div, P.O BOX 40250, Kampala-UG",+256-200-906487,"18 Nov, 2024 - 17 Nov, 2026",https://eemis.mglsd.go.ug/assets/images/brands/comp_516_1645356787.jpg,JABRAN INTERNATIONAL RECRUITMENT AGENCY LTD,E24110024,18 November 2024,17 November 2026,"(' P.O Box 40250', 'Kampala, Uganda ')", +256-200-906487 , jabraninternationalrecrutment@gmail.com 
EMRAJ UGANDA LIMITED,https://eemis.mglsd.go.ug/companies/EMRAJUGANDALIMITED_1572864,"P.O BOX 101526, KAMPALA",+256-775-580602,"26 Jun, 2024 - 25 Jun, 2026",https://eemis.mglsd.go.ug/assets/images/brands/comp_512_1647165097.png,EMRAJ UGANDA LIMITED,E24060019,26 June 2024,25 June 2026,"(' 101526, KAMPALA', 'Kampala, Uganda ')", +256-775-580602 , admin@emraj.com 
LEAVEN HOLDINGS LTD,https://eemis.mglsd.go.ug/companies/LEAVENHOLDINGSLTD_1524096,"11402, KAMPALA",+256-703-014091,"04 Jul, 2025 - 03 Jul, 2027",https://eemis.mglsd.go.ug/assets/images/brands/comp_504_1652705399.jpg,LEAVEN HOLDINGS LTD,E25070007,04 July 2025,03 July 2027,"(' 30889, Kampala', 'Kampala, Uganda ')", +256-703-014091 , leavenholdings1@gmail.com 
FAVOUR RECRUITMENT AGENCY LIMITED,https://eemis.mglsd.go.ug/companies/FAVOURRECRUITMENTAGENCYLIMITED_1494006,44B,+256-751-362069,"14 Oct, 2024 - 13 Oct, 2026",https://eemis.mglsd.go.ug/assets/images/brands/comp_499_1659701973.png,FAVOUR RECRUITMENT AGENCY LIMITED,E24100002,14 October 2024,13 October 2026,"(' 110745 KAMPALA', 'Kampala, Uganda ')", +256-751-362069 , aka4shan@gmail.com 
JADUWA ENTERPRISES LTD,https://eemis.mglsd.go.ug/companies/JADUWAENTERPRISESLTD_1470150,0000403329,+256-753-756520,"31 May, 2024 - 30 May, 2026",https://eemis.mglsd.go.ug/assets/images/brands/comp_495_1647860132.png,JADUWA ENTERPRISES LTD,E24050038,31 May 2024,30 May 2026,"(' P.O Box 100729', 'Kampala, Uganda ')", +256-753-756520 , jaduwaug@gmail.com 
JIMMY LINES INTERNATIONAL SMC LTD,https://eemis.mglsd.go.ug/companies/JIMMYLINESINTERNATIONALSMCLTD_1458294,KIREKA B,+256-701-269162,"24 Jan, 2025 - 23 Jan, 2027",https://eemis.mglsd.go.ug/assets/images/brands/comp_493_1730964771.jpg,JIMMY LINES INTERNATIONAL SMC LTD,E25010016,24 January 2025,23 January 2027,"(' P.O Box 884', 'Wakiso, Uganda ')", +256-701-269162 , jimmylines161@gmail.com 
REMATRA INTERNATIONAL SERVICES LTD,https://eemis.mglsd.go.ug/companies/REMATRAINTERNATIONALSERVICESLTD_1452384,NATETE MACKAY ROAD OPPOSITE MACKAY COLLEGE SCHOOL,+256-705-748472,"31 May, 2024 - 30 May, 2026",https://eemis.mglsd.go.ug/assets/images/brands/comp_492_1647414591.jpg,REMATRA INTERNATIONAL SERVICES LTD,E24050037,31 May 2024,30 May 2026,"(' P.O.BOX 104562 KAMPALA UGANDA', 'Kampala, Uganda ')", +256-705-748472 , rematrainternationalugandaltd@gmail.com 
MOTUS GURUS CONSULTANTS LIMITED,https://eemis.mglsd.go.ug/companies/MOTUSGURUSCONSULTANTSLIMITED_1446486,"RUBAGA, NEAR CENTENARY BANK",+256750760944,"31 May, 2024 - 30 May, 2026",https://eemis.mglsd.go.ug/assets/images/brands/comp_491_1646900419.png,MOTUS GURUS CONSULTANTS LIMITED,E24050034,31 May 2024,30 May 2026,"(' P.O.BOX 128893 KAMPALA. UGANDA', 'Kampala, Uganda ')", +256750760944 , motusgurusconsultants@gmail.com 
GATE RECRUIT GLOBAL SOLUTIONS LTD,https://eemis.mglsd.go.ug/companies/GATERECRUITGLOBALSOLUTIONSLTD_1388166,Plot 1688 Kaduyu Lane,+256-702-313062,"21 Oct, 2025 - 20 Oct, 2027",https://eemis.mglsd.go.ug/assets/images/brands/comp_481_1757057357.jpeg,GATE RECRUIT GLOBAL SOLUTIONS LTD,E25100007,21 October 2025,20 October 2027,"(' 103158, Kampala, Uganda', 'Kampala, Uganda ')", +256-702-313062 , gateglobalsolutions@gmail.com 
GAYA BAIRNS LTD,https://eemis.mglsd.go.ug/companies/GAYABAIRNSLTD_1382400,NTINDA - KAMPALA,+256-782-123123,"29 Apr, 2024 - 28 Apr, 2026",https://eemis.mglsd.go.ug/assets/images/brands/comp_480_1649193736.jpeg,GAYA BAIRNS LTD,E24040014,29 April 2024,28 April 2026,"(' P.O.BOX 73689 KAMPALA', 'Kampala, Uganda ')", +256-782-123123 , gayabairns@gmail.com 
GHANIYU-MUGHNIYU LIMITED,https://eemis.mglsd.go.ug/companies/Ghaniyu-MughniyuLimited_1376646,Plot 570,+256-741-480000,"04 Nov, 2024 - 03 Nov, 2026",https://eemis.mglsd.go.ug/assets/images/brands/comp_479_1653150830.jpg,GHANIYU-MUGHNIYU LIMITED,E24110004,04 November 2024,03 November 2026,"(' P.O Box 167855', 'Kampala, Uganda ')", +256-741-480000 , ghaniyumughniyu@gmail.com 
TERRYSOME INVESTMENTS LIMITED,https://eemis.mglsd.go.ug/companies/TERRYSOMEINVESTMENTSLIMITED_1365174,BALINTUMA ROAD,+256-706-496674,"29 Apr, 2024 - 28 Apr, 2026",https://eemis.mglsd.go.ug/assets/images/brands/comp_477_1645457505.jpeg,TERRYSOME INVESTMENTS LIMITED,E24040019,29 April 2024,28 April 2026,"(' P.O.BOX 25897 KAMPALA UGANDA', 'Kampala, Uganda ')", +256-706-496674 , terrysomeltd@gmail.com 
WAMBAH HOLDINGS LTD,https://eemis.mglsd.go.ug/companies/WAMBAHHOLDINGSLTD_1359456,"PLOT 130,  SEMAWATA ROAD, NTINDA",+256-705-617682,"08 Aug, 2024 - 07 Aug, 2026",https://eemis.mglsd.go.ug/assets/images/brands/comp_476_1647332182.jpg,WAMBAH HOLDINGS LTD,E24080010,08 August 2024,07 August 2026,"(' P.O Box 30972', 'Kampala, Uganda ')", +256-705-617682 , wambaholdingslimited27@gmail.com 
SKILLS ALLIANCE RECRUITMENT AGENCY LTD,https://eemis.mglsd.go.ug/companies/SKILLSALLIANCERECRUITMENTAGENCYLTD_1325400,0771207387,+256-709-453460,"26 Jul, 2025 - 25 Jul, 2027",https://eemis.mglsd.go.ug/assets/images/brands/comp_470_1653977238.jpg,SKILLS ALLIANCE RECRUITMENT AGENCY LTD,E25070018,26 July 2025,25 July 2027,"(' P.O Box 71668', 'Wakiso, Uganda ')", +256-709-453460 , skillsalliancerec@gmail.com 
AL SHOUSH CONSULTANTS LTD,https://eemis.mglsd.go.ug/companies/ALSHOUSHCONSULTANTSLTD_1319766,+256-709-753829,+256-709-753829,"25 Mar, 2025 - 24 Mar, 2027",https://eemis.mglsd.go.ug/assets/images/brands/comp_469_1656412080.jpeg,AL SHOUSH CONSULTANTS LTD,E25030011,25 March 2025,24 March 2027,"(' P.O.BOX 100913', 'Wakiso, Uganda ')", +256-709-753829 , alshoushconsultants@gmail.com 
FOCUS EMPLOYMENT LINKAGES LIMITED,https://eemis.mglsd.go.ug/companies/FOCUSEMPLOYMENTLINKAGESLIMITED_1297350,0786404942,+256-786-404942,"07 Aug, 2025 - 06 Aug, 2027",https://eemis.mglsd.go.ug/assets/images/brands/comp_465_1650409203.jpg,FOCUS EMPLOYMENT LINKAGES LIMITED,E25080006,07 August 2025,06 August 2027,"(' P.O Box 26701', 'Kampala, Uganda ')", +256-786-404942 , focusemployement100@gmail.com 
MOLDEN INTERNATIONAL LABOUR CONSULTANTS LTD,https://eemis.mglsd.go.ug/companies/MOLDENINTERNATIONALLABOURCONSULTANTSLTD_1280664,NAMUNGOONA,+2560414673718,"24 Jan, 2025 - 23 Jan, 2027",https://eemis.mglsd.go.ug/assets/images/brands/comp_462_1658913570.jpg,MOLDEN INTERNATIONAL LABOUR CONSULTANTS LTD,E25010014,24 January 2025,23 January 2027,"(' P.O.BOX 31536 KAMPALA UGANDA', 'Kampala, Uganda ')", +2560414673718 , Moldeninternationalconsultants@gmail.com 
WORKFORCE LOGISTICS AND CONSULTANTS LTD,https://eemis.mglsd.go.ug/companies/WORKFORCELOGISTICSANDCONSULTANTSLTD_1264086,"NTINDA TOWN,",+256-772-410547,"19 Jun, 2024 - 18 Jun, 2026",https://eemis.mglsd.go.ug/assets/images/brands/comp_459_1710138082.jpg,WORKFORCE LOGISTICS AND CONSULTANTS LTD,E24060013,19 June 2024,18 June 2026,"(' P.O Box 111211 WAKISO', 'Kampala, Uganda ')", +256-772-410547 , workforcelogistics@yahoo.com 
POTENTIAL RECRUITMENT LTD,https://eemis.mglsd.go.ug/companies/POTENTIALRECRUITMENTLTD_1231254,+256700656876,+256-700-656876,"19 Jun, 2024 - 18 Jun, 2026",https://eemis.mglsd.go.ug/assets/images/brands/comp_453_1646209046.jpg,POTENTIAL RECRUITMENT LTD,E24060007,19 June 2024,18 June 2026,"(' P.O Box 30382', 'Kampala, Uganda ')", +256-700-656876 , info@potentialrecruitment.co.ug 
TENNET RECRUITMENT LTD,https://eemis.mglsd.go.ug/companies/TENNETRECRUITMENTLTD_1182816,OLD KIRA NTINDA KISASI ROAD,+256-773-167318,"19 Jun, 2024 - 18 Jun, 2026",https://eemis.mglsd.go.ug/assets/images/brands/comp_444_1637830110.jpg,TENNET RECRUITMENT LTD,E24060012,19 June 2024,18 June 2026,"(' P.O.BOX 801241', 'Kampala, Uganda ')", +256-773-167318 , benoir90@gmail.com 
PROSTAFFING UGANDA LTD,https://eemis.mglsd.go.ug/companies/PROSTAFFINGUGANDALTD_1177494,NSAMBYA,+256774170057,"02 Jul, 2024 - 01 Jul, 2026",https://eemis.mglsd.go.ug/assets/images/brands/comp_443_1715340598.jpeg,PROSTAFFING UGANDA LTD,E24070003,02 July 2024,01 July 2026,"(' P.O Box. 102013', 'Kampala, Uganda ')", +256774170057 , prostaffingug@gmail.com 
INVE TRACK CONSTRUCTION AND ENGINEERING LIMITED,https://eemis.mglsd.go.ug/companies/INVETRACKCONSTRUCTIONANDENGINEERINGLIMITED_1156326,MENGO,+256701477008,"23 Sep, 2024 - 22 Sep, 2026",,,,,,,,
HRM SERVICES LIMITED,https://eemis.mglsd.go.ug/companies/HRMSERVICESLIMITED_1145814,150432 KAMPALA,+256-752-755846,"23 Aug, 2024 - 22 Aug, 2026",https://eemis.mglsd.go.ug/assets/images/brands/comp_437_1654001702.jpg,HRM SERVICES LIMITED,E24080041,23 August 2024,22 August 2026,"(' PO BOX 150432 KAMPALA', 'Kampala, Uganda ')", +256-752-755846 , hrmservicesltd@gmail.com 
ROYAL CHARIOT AGENCIES U LTD,https://eemis.mglsd.go.ug/companies/ROYALCHARIOTAGENCIESULTD_1140576,PLOT 3 MUTUNGO BIINA ROAD BUTABIKA,+256-752-605895,"23 Sep, 2024 - 22 Sep, 2026",https://eemis.mglsd.go.ug/assets/images/brands/comp_436_1648459904.jpg,ROYAL CHARIOT AGENCIES U LTD,E24090023,23 September 2024,22 September 2026,"(' P.O Box ', 'Kampala, Uganda ')", +256-752-605895 , royalchariotrecruitment@gmail.com 
KASTOP INTERNATIONAL LIMITED,https://eemis.mglsd.go.ug/companies/KASTOPINTERNATIONALLIMITED_1109400,"MAKERERE, KAVULE",+256-755-909979,"02 Jul, 2024 - 01 Jul, 2026",https://eemis.mglsd.go.ug/assets/images/brands/comp_430_1651061749.jpeg,KASTOP INTERNATIONAL LIMITED,E24070002,02 July 2024,01 July 2026,"(' 8282 KAMPALA', 'Kampala, Uganda ')", +256-755-909979 , kasenbad@gmail.com 
FILRA LIMITED,https://eemis.mglsd.go.ug/companies/FILRALIMITED_1058400,16689 KAMPALA,+256-751-779985,"19 Jun, 2024 - 18 Jun, 2026",https://eemis.mglsd.go.ug/assets/images/brands/comp_420_1647601251.jpg,FILRA LIMITED,E24060006,19 June 2024,18 June 2026,"(' P.O BOX 16689 - KAMPALA.', 'Kampala, Uganda ')", +256-751-779985 , www.filralimited@gmail.com 
BEST RECRUITMENT AGENCY LIMITED,https://eemis.mglsd.go.ug/companies/BESTRECRUITMENTAGENCYLIMITED_1048344,Aquva House,+256-707-111222,"21 Oct, 2025 - 20 Oct, 2027",https://eemis.mglsd.go.ug/assets/images/brands/comp_418_1753097624.png,BEST RECRUITMENT AGENCY LIMITED,E25100010,21 October 2025,20 October 2027,"(' P.O Box ', 'Kampala, Uganda ')", +256-707-111222 , bestrecruitmentconsultancy2022@gmail.com 
HARAMAIN EMPLOYMENT CONSULTANT LIMITED,https://eemis.mglsd.go.ug/companies/HARAMAINEMPLOYMENTCONSULTANTLIMITED_1043334,NYANAMA ROAD JUNCTION,+256-704-322214,"07 Aug, 2025 - 06 Aug, 2027",https://eemis.mglsd.go.ug/assets/images/brands/comp_417_1657117866.jpg,HARAMAIN EMPLOYMENT CONSULTANT LIMITED,E25080011,07 August 2025,06 August 2027,"(' P.O.BOX 10674 KAMPALA UGANDA', 'Kampala, Uganda ')", +256-704-322214 , haramainemploymentc@gmail.com 
WASEL RECRUITMENT COMPANY LIMITED,https://eemis.mglsd.go.ug/companies/WASELRECRUITMENTCOMPANYLIMITED_1008600,101234 K'LA,+256-708-605032,"23 Aug, 2024 - 22 Aug, 2026",https://eemis.mglsd.go.ug/assets/images/brands/comp_410_1649843863.jpeg,WASEL RECRUITMENT COMPANY LIMITED,E24080033,23 August 2024,22 August 2026,"(' P.O Box 101234', 'Kampala, Uganda ')", +256-708-605032 , recruitwasel@gmail.com 
BLS CONTEK AGENCY LTD,https://eemis.mglsd.go.ug/companies/BLSCONTEKAGENCYLTD_1003686,D.K SERUWU ROAD,+256703170492,"18 Jul, 2024 - 17 Jul, 2026",https://eemis.mglsd.go.ug/assets/images/brands/comp_409_1648408512.jpg,BLS CONTEK AGENCY LTD,E24070008,18 July 2024,17 July 2026,"(' P.O Box 16040   Kampala Uganda', 'Kampala, Uganda ')", +256703170492 , blscontekagencyltd1@gmail.com 
SUPREME MANPOWER LIMITED,https://eemis.mglsd.go.ug/companies/SUPREMEMANPOWERLIMITED_998784,BUSAWULA,+256-788-008216,"21 Oct, 2025 - 20 Oct, 2027",https://eemis.mglsd.go.ug/assets/images/brands/comp_408_1647782879.jpg,SUPREME MANPOWER LIMITED,E25100009,21 October 2025,20 October 2027,"(' P.O. BOX 16247 KAMPALA', 'Wakiso, Uganda ')", +256-788-008216 , suprememanpower2019@gmail.com 
SKYZ LIMITED,https://eemis.mglsd.go.ug/companies/SKYZLIMITED_974454,"NTINDA, MARTYRS GARDEN ROAD A,  NEAR UNEB",+256773449691,"29 Apr, 2024 - 28 Apr, 2026",https://eemis.mglsd.go.ug/assets/images/brands/comp_403_1646137929.jpeg,SKYZ LIMITED,E24040013,29 April 2024,28 April 2026,"(' P.O.BOX 6705 KAMPALA UGANDA', 'Kampala, Uganda ')", +256773449691 , Skyzltd1@gmail.com 
SUCCESS JOBS CONSULTANTS LTD,https://eemis.mglsd.go.ug/companies/SUCCESSJOBSCONSULTANTSLTD_969624,ZANA,+256-701-272328,"18 Nov, 2024 - 17 Nov, 2026",https://eemis.mglsd.go.ug/assets/images/brands/comp_402_1659597177.png,SUCCESS JOBS CONSULTANTS LTD,E24110019,18 November 2024,17 November 2026,"(' P.O.BOX 104841 KAMPALA, UGANDA', 'Kampala, Uganda ')", +256-701-272328 , Successjobsconsultants@gmail.com 
IDEALE HUMAN RESOURCE CONSULTANCY LTD,https://eemis.mglsd.go.ug/companies/IDEALEHUMANRESOURCECONSULTANCYLTD_964806,+256752355841,+256782104434,"23 Aug, 2024 - 22 Aug, 2026",https://eemis.mglsd.go.ug/assets/images/brands/comp_401_1648646304.jpg,IDEALE HUMAN RESOURCE CONSULTANCY LTD,E24080036,23 August 2024,22 August 2026,"(' P.O Box ', 'Kampala, Uganda ')", +256782104434 , Idealehrconsultancy@gmail.com 
PROXY RECRUITMENT AGENCY LTD,https://eemis.mglsd.go.ug/companies/PROXYRECRUITMENTAGENCYLTD_926694,+256774806000,+256-759-403662,"18 Dec, 2024 - 17 Dec, 2026",https://eemis.mglsd.go.ug/assets/images/brands/comp_393_1658331297.jpg,PROXY RECRUITMENT AGENCY LTD,E24120016,18 December 2024,17 December 2026,"(' P.O BOX  165272', 'Kampala, Uganda ')", +256-759-403662 , proxyagency.co@gmail.com 
EBENEZER RECRUITMENT AGENCY LTD,https://eemis.mglsd.go.ug/companies/EBENEZERRECRUITMENTAGENCYLTD_921984,"MPERERWE, NAMERE",+256756416979,"16 Aug, 2024 - 15 Aug, 2026",https://eemis.mglsd.go.ug/assets/images/brands/comp_392_1653296000.jpg,EBENEZER RECRUITMENT AGENCY LTD,E24080020,16 August 2024,15 August 2026,"(' P.O.BOX 300025 KAMPALA UGANDA', 'Kampala, Uganda ')", +256756416979 , ebenezerrecruitmentagltd@gmail.com 
ZONO AGENCY LIMITED,https://eemis.mglsd.go.ug/companies/ZONOAGENCYLIMITED_903264,KAWEMPE MBOGO,+256706390012,"18 Jul, 2024 - 17 Jul, 2026",https://eemis.mglsd.go.ug/assets/images/brands/comp_388_1654200861.jpg,ZONO AGENCY LIMITED,E24070012,18 July 2024,17 July 2026,"(' P.O.BOX 35870 KAMPALA UGANDA', 'Kampala, Uganda ')", +256706390012 , zonoagency@gmail.com 
SOWICKS RECRUITMENT AGENCY LTD,https://eemis.mglsd.go.ug/companies/SOWICKSRECRUITMENTAGENCYLTD_884736,"KYALIWAJALA,NAMUGONGO",+256-782-554654,"04 Jul, 2025 - 03 Jul, 2027",https://eemis.mglsd.go.ug/assets/images/brands/comp_384_1669194626.jpeg,SOWICKS RECRUITMENT AGENCY LTD,E25070006,04 July 2025,03 July 2027,"(' P.O.BOX 103473, Kampala -Uganda Plot 3782, Kyaliwajala, Namugongo', 'Wakiso, Uganda ')", +256-782-554654 , sowicksrecruitmentagencyltd@gmail.com 
ABSOLUTE CONNECTION INTERNATIONAL LTD,https://eemis.mglsd.go.ug/companies/ABSOLUTECONNECTIONINTERNATIONALLTD_875544,"NABULAGALA ROAD ,KAYIWA ZONE",+256753210986,"16 Aug, 2024 - 15 Aug, 2026",https://eemis.mglsd.go.ug/assets/images/brands/comp_382_1649834475.jpeg,ABSOLUTE CONNECTION INTERNATIONAL LTD,E24080023,16 August 2024,15 August 2026,"(' P.O.BOX , 71644 KAMPALA UGANDA', 'Kampala, Uganda ')", +256753210986 , absoluteconnectionint@gmail.com 
KEIRA SOLUTIONS LTD,https://eemis.mglsd.go.ug/companies/KEIRASOLUTIONSLTD_857304,"P.O. BOX 37115, NtInda-Kiwatule Road, Kampala",+256-776-908448,"11 Jan, 2024 - 10 Jan, 2026",https://eemis.mglsd.go.ug/assets/images/brands/comp_378_1698164684.jpg,KEIRA SOLUTIONS LTD,E24010007,11 January 2024,10 January 2026,"(' P.O Box 37115', 'Kampala, Uganda ')", +256-776-908448 , keirasolutionsltd@gmail.com 
INFINITY STUFFING LIMITED,https://eemis.mglsd.go.ug/companies/INFINITYSTUFFINGLIMITED_843750,PLOT 257 WAVAMUNO ROAD OPPOSITE MAWANGA MOSQUE,+256-392-966825,"02 Apr, 2024 - 01 Apr, 2026",https://eemis.mglsd.go.ug/assets/images/brands/comp_375_1612791383.jpg,INFINITY STUFFING LIMITED,E24040004,02 April 2024,01 April 2026,"(' P.O Box N/A', 'Kampala, Uganda ')", +256-392-966825 , admin@infinitystuffing.com 
ULINZI GENERAL SERVICES LIMITED,https://eemis.mglsd.go.ug/companies/ULINZIGENERALSERVICESLIMITED_839256,"Kampala-Hoima Rd, Wakiso, Uganda",+256-772-996039,"22 Jun, 2024 - 21 Jun, 2026",https://eemis.mglsd.go.ug/assets/images/brands/comp_374_1637754907.jpg,ULINZI GENERAL SERVICES LIMITED,E24060017,22 June 2024,21 June 2026,"(' 16434, KAMPALA, UGANDA', 'Wakiso, Uganda ')", +256-772-996039 , Ulinzigeneralservices@gmail.com 
HIGHOPES INTERNATIONAL LINKAGES LTD,https://eemis.mglsd.go.ug/companies/HIGHOPESINTERNATIONALLINKAGESLTD_834774,NANSANA HOIMA RD OPPOSITE POLICE STATION,+256-752-046367,"23 Sep, 2024 - 22 Sep, 2026",,,,,,,,
MAFAZ RECRUITMENT LIMITED,https://eemis.mglsd.go.ug/companies/MAFAZRECRUITMENTLIMITED_825846,MAKINDYE  DIVISION,+256-701-965359,"26 Jul, 2025 - 25 Jul, 2027",https://eemis.mglsd.go.ug/assets/images/brands/comp_371_1642167820.jpeg,MAFAZ RECRUITMENT LIMITED,E25070019,26 July 2025,25 July 2027,"(' 12073 KAMPALA', 'Kampala, Uganda ')", +256-701-965359 , mafazug@gmail.com 
ALFRANIFA AGENCY FOR RECRUITMENT AND CONSULTANCY LIMITED,https://eemis.mglsd.go.ug/companies/ALFRANIFAAGENCYFORRECRUITMENTANDCONSULTANCYLIMITED_803736,LUNGUJJA  MAKAMBA ROAD,+256-782-194631,"09 Apr, 2025 - 08 Apr, 2027",https://eemis.mglsd.go.ug/assets/images/brands/comp_366_1660549440.jpg,ALFRANIFA AGENCY FOR RECRUITMENT AND CONSULTANCY LIMITED,E25040004,09 April 2025,08 April 2027,"(' P.O.BOX 37478 KAMPALA UGANDA', 'Kampala, Uganda ')", +256-782-194631 , alfranifaagencyltd@gmail.com 
HAYS GENERAL AGENCIES LTD,https://eemis.mglsd.go.ug/companies/HAYSGENERALAGENCIESLTD_794976,KIYANJA ZONE,+256-786-421148,"23 Aug, 2024 - 22 Aug, 2026",,,,,,,,
NEPTUNE JOBS LTD,https://eemis.mglsd.go.ug/companies/NEPTUNEJOBSLTD_786264,NSIMBIZIWOME ZONE A,+256-752-458431,"25 Jun, 2025 - 24 Jun, 2027",https://eemis.mglsd.go.ug/assets/images/brands/comp_362_1741354334.jpg,NEPTUNE JOBS LTD,E25060011,25 June 2025,24 June 2027,"(' 120995 KAMPALA', 'Kampala, Uganda ')", +256-752-458431 , neptunejobs78@gmail.com 
INTERCONNECT OVERSEAS RECRUITMENT LIMITED,https://eemis.mglsd.go.ug/companies/INTERCONNECTOVERSEASRECRUITMENTLIMITED_777600,"Plot 29, Hancook Road Ntinda - Kampala",+256-774-545273,"25 Jul, 2024 - 24 Jul, 2026",https://eemis.mglsd.go.ug/assets/images/brands/comp_360_1716887050.jpg,INTERCONNECT OVERSEAS RECRUITMENT LIMITED,E24070019,25 July 2024,24 July 2026,"(' P.O.BOX 826 Kampala - Uganda', 'Kampala, Uganda ')", +256-774-545273 , interconnectoverseas@gmail.com 
MARHABA RECRUITMENT AGENCY,https://eemis.mglsd.go.ug/companies/MarhabaRecruitmentAgency_773286,"Tank Road, Zone 5, Luzira",+256-783-015925,"02 Feb, 2024 - 01 Feb, 2026",,,,,,,,
RUNTOWN AGENCIES LIMITED,https://eemis.mglsd.go.ug/companies/RUNTOWNAGENCIESLIMITED_768984,"KABOWA, NYANAMA Road",+256-702-769754,"22 Mar, 2024 - 21 Mar, 2026",https://eemis.mglsd.go.ug/assets/images/brands/comp_358_1553681988.jpg,RUNTOWN AGENCIES LIMITED,E24030009,22 March 2024,21 March 2026,"(' P.O Box ', 'Kampala, Uganda ')", +256-702-769754 , info.runtownagenciesltd@gmail.com 
DIAMOND ROSES  LTD,https://eemis.mglsd.go.ug/companies/DIAMONDROSESLTD_764694,"BIVAMUNTUUYO HOUSE, MPERERWE  GAYAZA ROAD",+256-773-842613,"11 Dec, 2024 - 10 Dec, 2026",https://eemis.mglsd.go.ug/assets/images/brands/comp_357_1595940522.jpg,DIAMOND ROSES  LTD,E24120011,11 December 2024,10 December 2026,"(' P.O Box 103603', 'Kampala, Uganda ')", +256-773-842613 , diamondroseint@gmail.com 
ALUMA RECRUITMENT LTD,https://eemis.mglsd.go.ug/companies/ALUMARECRUITMENTLTD_756150,RUBAGA DIVISION BLOCK 1.PLOT 650 KAMPALA,+256-700-724854,"13 Sep, 2024 - 12 Sep, 2026",,,,,,,,
AMENVU INTERNATIONAL LIMITED,https://eemis.mglsd.go.ug/companies/AMENVUINTERNATIONALLIMITED_751896,"Solent Avenue, Bugolobi Kampala",+256-782-533295,"29 Apr, 2024 - 28 Apr, 2026",https://eemis.mglsd.go.ug/assets/images/brands/comp_354_1704795427.jpg,AMENVU INTERNATIONAL LIMITED,E24040023,29 April 2024,28 April 2026,"(' P.O BOX 125693,BUGOLOBI ,KAMPALA', 'Kampala, Uganda ')", +256-782-533295 , amenvus@gmail.com 
COJECTIVE INVESTMENT LIMITED,https://eemis.mglsd.go.ug/companies/COJECTIVEINVESTMENTLIMITED_735000,WAKALIGA MENGO POKINO ROAD,+256-200-901132,"14 Mar, 2024 - 13 Mar, 2026",https://eemis.mglsd.go.ug/assets/images/brands/comp_350_1703845930.jpg,COJECTIVE INVESTMENT LIMITED,E24030005,14 March 2024,13 March 2026,"(' P.0.BOX 103191 KAMPALA UGANDA', 'Kampala, Uganda ')", +256-200-901132 , cojinvestment@gmail.com 
EMMARI RECRUIT INTERNATIONAL,https://eemis.mglsd.go.ug/companies/EMMARIRECRUITINTERNATIONAL_722454,NTINDA,+256-776-051110,"07 Sep, 2025 - 06 Sep, 2027",,,,,,,,
SUUBI RECRUITMENT CO. LTD.,https://eemis.mglsd.go.ug/companies/SUUBIRECRUITMENTCOLTD_718296,"75A KIMERA Rd, KAMPALA, UGANDA",+256-783-564019,"02 Apr, 2024 - 01 Apr, 2026",https://eemis.mglsd.go.ug/assets/images/brands/comp_346_1697175460.jpg,SUUBI RECRUITMENT CO. LTD.,E24040001,02 April 2024,01 April 2026,"(' 3507 KAMPALA', 'Kampala, Uganda ')", +256-783-564019 , SUUBIRECRUITMENT@YAHOO.COM 
BIZAAT LABOUR CONSULTS LTD,https://eemis.mglsd.go.ug/companies/BIZAATLABOURCONSULTSLTD_714150,GGABA ROAD,+256-775-674673,"18 Nov, 2024 - 17 Nov, 2026",https://eemis.mglsd.go.ug/assets/images/brands/comp_345_1721732636.jpeg,BIZAAT LABOUR CONSULTS LTD,E24110018,18 November 2024,17 November 2026,"(' 26514 KAMPALA', 'Kampala, Uganda ')", +256-775-674673 , bizaatlabourconsults@gmail.com 
PNEUMA NIKOS GROUP LTD,https://eemis.mglsd.go.ug/companies/pneumaNikosgroupLtd_710016,"Kigoowa Rd, Kampala, Uganda",+256-704-757768,"31 May, 2024 - 30 May, 2026",,,,,,,,
PEARL OF MAKKA INTERNATIONAL LIMITED,https://eemis.mglsd.go.ug/companies/PEARLOFMAKKAINTERNATIONALLIMITED_705894,gomotoka road,+256-702-424281,"06 Dec, 2024 - 05 Dec, 2026",https://eemis.mglsd.go.ug/assets/images/brands/comp_343_1655793799.jpeg,PEARL OF MAKKA INTERNATIONAL LIMITED,E24120005,06 December 2024,05 December 2026,"(' P O Box 162839', 'Kampala, Uganda ')", +256-702-424281 , pearlofmakka2021@gmail.com 
MAXIMUS EXPEDITIONS LTD,https://eemis.mglsd.go.ug/companies/MAXIMUSEXPEDITIONSLTD_701784,Ntinda - Kisaasi Road,+256-709-013099,"31 May, 2024 - 30 May, 2026",https://eemis.mglsd.go.ug/assets/images/brands/comp_342_1711519982.jpeg,MAXIMUS EXPEDITIONS LTD,E24050031,31 May 2024,30 May 2026,"(' P.O BOX, 6624 KAMPALA', 'Kampala, Uganda ')", +256-709-013099 , maximusexpeditions@gmail.com 
EL-BARQ RECRUITMENT AGENCY U LIMITED,https://eemis.mglsd.go.ug/companies/EL-BARQRECRUITMENTAGENCYULIMITED_689526,SSENTEMA ROAD MASIKI ZONE,+256-783-302076,"06 Mar, 2025 - 05 Mar, 2027",,,,,,,,
JEVEUX D EMPLOI ENTERPRISE LTD,https://eemis.mglsd.go.ug/companies/JEVEUXDEMPLOIENTERPRISELTD_685464,KANYANYA KITALA WALIGO OFF GAYAZA ROAD,+256-782-881819,"08 Aug, 2024 - 07 Aug, 2026",https://eemis.mglsd.go.ug/assets/images/brands/comp_338_1556199618.jpg,JEVEUX D EMPLOI ENTERPRISE LTD,E24080009,08 August 2024,07 August 2026,"(' P.O Box  250025', 'Kampala, Uganda ')", +256-782-881819 , jeveuxdemploi@gmail.com 
EXERTION FORCE INTERNATIONAL COMPANY LIMITED,https://eemis.mglsd.go.ug/companies/ExertionForceinternationalCompanyLimited_669336,"Mulwanya-muli Road, Kikaaya Parish, Kikaaya Zone   Kawempe Zone",+256-757-598668,"02 Feb, 2024 - 01 Feb, 2026",https://eemis.mglsd.go.ug/assets/images/brands/comp_334_1700658078.jpeg,EXERTION FORCE INTERNATIONAL COMPANY LIMITED,E24020005,02 February 2024,01 February 2026,"(' 73592 Clock Tower, Kampla', 'Kampala, Uganda ')", +256-757-598668 , okellosilver06@gmail.com 
AL MERIDIAN VENTURES LTD,https://eemis.mglsd.go.ug/companies/AlMeridianVenturesLtd_661344,"Bahai Road, Kampala, أوغندا",+256-703-147062,"02 Apr, 2024 - 01 Apr, 2026",,,,,,,,
VAXIN KT GROUP LIMITED,https://eemis.mglsd.go.ug/companies/VaxinKTGrouplimited_653400,"41 Nkrumah Rd, Kampala, Uganda",+256-704-902796,"18 Nov, 2024 - 17 Nov, 2026",https://eemis.mglsd.go.ug/assets/images/brands/comp_330_1559213906.jpg,VAXIN KT GROUP LIMITED,E24110021,18 November 2024,17 November 2026,"(' P.O BOX 433 andrew male building', 'Kampala, Uganda ')", +256-704-902796 , vaxinktgroup@gmail.com 
SUPREME LINK LIMITED,https://eemis.mglsd.go.ug/companies/SUPREMELINKLIMITED_637656,"WAKALIGA - WAKALIGA ROAD, OPPOSITE LUBIRIRI SECONDARY SCHOOL KAMPALA UGANDA",+256-782-767154,"19 Jun, 2024 - 18 Jun, 2026",https://eemis.mglsd.go.ug/assets/images/brands/comp_326_1550654848.jpg,SUPREME LINK LIMITED,E24060014,19 June 2024,18 June 2026,"(' P.O Box 6077', 'Kampala, Uganda ')", +256-782-767154 , supremelink8@gmail.com 
AL-FUJAIRAH INTERNATIONAL GROUP,https://eemis.mglsd.go.ug/companies/AL-FUJAIRAHINTERNATIONALGROUP_629856,KADUYU ROAD OPPOSITE FOX WOODS HOTEL .ا,+256-709-999992,"22 May, 2024 - 21 May, 2026",,,,,,,,
EKISIINGA RECRUITMENT CO. LIMITED,https://eemis.mglsd.go.ug/companies/EKISIINGARECRUITMENTCOLIMITED_610566,"MARTY'S GARDEN B ROAD, PLOT #24",+256-785-213932,"21 Sep, 2025 - 20 Sep, 2027",https://eemis.mglsd.go.ug/assets/images/brands/comp_319_1617362005.jpg,EKISIINGA RECRUITMENT CO. LIMITED,E25090013,21 September 2025,20 September 2027,"(' 3507 KAMPALA', 'Kampala, Uganda ')", +256-785-213932 , ekisiingarecruitment@yahoo.com 
CREATIVE GROUP INTERNATIONAL LTD,https://eemis.mglsd.go.ug/companies/CREATIVEGROUPINTERNATIONALLTD_591576,"Plot 1712 Sentema Road, Kampala",+256-200-923265,"25 Mar, 2025 - 24 Mar, 2027",https://eemis.mglsd.go.ug/assets/images/brands/comp_314_1678963928.jpg,CREATIVE GROUP INTERNATIONAL LTD,E25030010,25 March 2025,24 March 2027,"(' P.O BOX  477,  KAMPALA UGANDA', 'Kampala, Uganda ')", +256-200-923265 , kampalacreative@gmail.com 
ALRUWWAD COMPANY LIMITED,https://eemis.mglsd.go.ug/companies/ALRUWWADCOMPANYLIMITED_558150,"Mukalazi Road, Off Kampala International School, Bukoto",+256-756-559212,"06 Nov, 2025 - 05 Nov, 2027",,,,,,,,
INFINITY RECRUITMENT AGENCY LTD,https://eemis.mglsd.go.ug/companies/INFINITYRECRUITMENTAGENCYLTD_515094,"PLOT 129 Kabaka Anjagala Road, Kampala, Uganda",+256-751-403557,"02 Feb, 2024 - 01 Feb, 2026",https://eemis.mglsd.go.ug/assets/images/brands/comp_293_1671195115.jpg,INFINITY RECRUITMENT AGENCY LTD,E24020006,02 February 2024,01 February 2026,"(' P.O.BOX 10932 KAMPALA', 'Kampala, Uganda ')", +256-751-403557 , infinityug2018@gmail.com 
KEFURA INVESTMENTS LIMITED,https://eemis.mglsd.go.ug/companies/KEFURAINVESTMENTSLIMITED_504600,"Kitintale , Block 243 Plot 1432",+256-703-957983,"28 Feb, 2024 - 27 Feb, 2026",https://eemis.mglsd.go.ug/assets/images/brands/comp_290_1702541838.jpg,KEFURA INVESTMENTS LIMITED,E24020020,28 February 2024,27 February 2026,"(' P.O Box ', 'Kampala, Uganda ')", +256-703-957983 , kefurainvestments@gmail.com 
KLEEJA INTERNATIONAL LIMITED,https://eemis.mglsd.go.ug/companies/KLEEJAINTERNATIONALLIMITED_501126,"Plot 190 Old Kira Road, Ntinda",+256-785-102957,"17 Jul, 2025 - 16 Jul, 2027",,,,,,,,
AXIS WARRIORS LIMITED,https://eemis.mglsd.go.ug/companies/AXISWARRIORSLIMITED_494214,"Plot 52 Bunyonyi drive, Bugolobi, Kampala, Uganda",+256-772-979191,"18 Dec, 2024 - 17 Dec, 2026",https://eemis.mglsd.go.ug/assets/images/brands/comp_287_1730717762.jpeg,AXIS WARRIORS LIMITED,E24120017,18 December 2024,17 December 2026,"(' P.O Box 22236', 'Kampala, Uganda ')", +256-772-979191 , axiswarriorsltd@gmail.com 
LABOUR WORTH INTERNATIONAL JOB AGENCY LIMITED,https://eemis.mglsd.go.ug/companies/LABOURWORTHINTERNATIONALJOBAGENCYLIMITED_487350,KISAASI SSEBAGALA STAGE OFF KADU ROAD,+256-772-577833,"12 Jan, 2024 - 11 Jan, 2026",https://eemis.mglsd.go.ug/assets/images/brands/comp_285_1625904696.jpg,LABOUR WORTH INTERNATIONAL JOB AGENCY LIMITED,E24010008,12 January 2024,11 January 2026,"(' P.O BOX 132593,kampala', 'Kampala, Uganda ')", +256-772-577833 , labourworth@gmail.com 
TSK RECRUITMENT AGENCY LIMITED,https://eemis.mglsd.go.ug/companies/TSKRECRUITMENTAGENCYLIMITED_477144,P.O.BOX 8175 KLA,+256-704-235060,"29 Apr, 2024 - 28 Apr, 2026",,,,,,,,
PRIME RECRUITMENT COMPANY LTD,https://eemis.mglsd.go.ug/companies/PRIMERECRUITMENTCOMPANYLTD_467046,"PLOT 85, BUZIGA ROAD- MUNYONYO-KAMPALA",+256-778-742927,"17 Jul, 2025 - 16 Jul, 2027",https://eemis.mglsd.go.ug/assets/images/brands/comp_279_1680157305.jpg,PRIME RECRUITMENT COMPANY LTD,E25070016,17 July 2025,16 July 2027,"(' P.O. BOX 120661', 'Kampala, Uganda ')", +256-778-742927 , prc802@gmail.com 
ABSOLUTE LABOUR INTERNATIONAL LTD,https://eemis.mglsd.go.ug/companies/ABSOLUTELABOURINTERNATIONALLTD_457056,"Kisugu Rd, Kampala, Uganda",+256-772-314032,"06 Nov, 2025 - 05 Nov, 2027",https://eemis.mglsd.go.ug/assets/images/brands/comp_276_1684821459.jpeg,ABSOLUTE LABOUR INTERNATIONAL LTD,E25110009,06 November 2025,05 November 2027,"(' 33454, Kampala', 'Kampala, Uganda ')", +256-772-314032 , absolutelabour@gmail.com 
AL-IMAN INTERNATIONAL SERVICES LIMITED,https://eemis.mglsd.go.ug/companies/AL-IMANINTERNATIONALSERVICESLIMITED_453750,KASUBI,+256-753-295080,"04 Jul, 2025 - 03 Jul, 2027",,,,,,,,
EBBO TIGERS SECURITY SERVICES LIMITED,https://eemis.mglsd.go.ug/companies/EBBOTIGERSSECURITYSERVICESLIMITED_434166,"P.O. BOX 300010, NAMIREMBE, KIBUGA , MENGO, KAMPALA PLOT 371",+256-756-239920,"07 Aug, 2025 - 06 Aug, 2027",https://eemis.mglsd.go.ug/assets/images/brands/comp_269_1748844562.jpeg,EBBO TIGERS SECURITY SERVICES LIMITED,E25080005,07 August 2025,06 August 2027,"(' P.O. BOX 300010', 'Kampala, Uganda ')", +256-756-239920 , ebbotigersc@gmail.com 
MIGRATION SOLUTION LIMITED,https://eemis.mglsd.go.ug/companies/MIGRATIONSOLUTIONLIMITED_424536,NEXT TO NAMIREMBE COURTS APARTMENT,+256-779-832864,"14 Mar, 2024 - 13 Mar, 2026",https://eemis.mglsd.go.ug/assets/images/brands/logo_2661554796529514.jpg,MIGRATION SOLUTION LIMITED,E24030006,14 March 2024,13 March 2026,"(' P.O Box 12416', 'Kampala, Uganda ')", +256-779-832864 , migration.s.ltd@gmail.com 
WORLD HIGH END GATE INTERNATIONAL LIMITED,https://eemis.mglsd.go.ug/companies/WORLDHIGHENDGATEINTERNATIONALLIMITED_421350,NAJJANANKUMBI II,+256-772-189519,"12 May, 2025 - 11 May, 2027",,,,,,,,
AL- SHAOLAH - SMC LIMITED,https://eemis.mglsd.go.ug/companies/AL-SHAOLAH-SMCLIMITED_405600,"Plot 101, Queen Maxima Road Ntinda",+256-702-240475,"12 May, 2025 - 11 May, 2027",https://eemis.mglsd.go.ug/assets/images/brands/comp_260_1741852436.jpg,AL- SHAOLAH - SMC LIMITED,E25050010,12 May 2025,11 May 2027,"(' p.o box11331 ntinda', 'Kampala, Uganda ')", +256-702-240475 , alshoalahsmcltdomar@gmail.com 
ORONE RECRUITMENT SERVICES LIMITED,https://eemis.mglsd.go.ug/companies/ORONERECRUITMENTSERVICESLIMITED_387096,"STELLA STAGE. KIKAJJO  Rd off Entebbe road, Kampala, Uganda",+256-393-400403,"19 Jun, 2024 - 18 Jun, 2026",https://eemis.mglsd.go.ug/assets/images/brands/logo_2541629817230488.jpeg,ORONE RECRUITMENT SERVICES LIMITED,E24060015,19 June 2024,18 June 2026,"(' P.O BOX 27878, KAMPALA', 'Kampala, Uganda ')", +256-393-400403 , oronerecruitmentservicesltd@gmail.com 
SKYNET CONSULTANTS INTERNATIONAL LIMITED,https://eemis.mglsd.go.ug/companies/SKYNETCONSULTANTSINTERNATIONALLIMITED_384054,"Management Training & Advisory Center (MTAC) Block B Room B10,Nakawa, Kampala, Uganda",+256-702-469517,"21 Oct, 2025 - 20 Oct, 2027",,,,,,,,
TRANSCEND AGENCIES INTERNATIONAL LIMITED,https://eemis.mglsd.go.ug/companies/TRANSCENDAGENCIESINTERNATIONALLIMITED_366054,"PLOT 2407, KIWAFU ESTATE, KANSANGA, KAMPALA, UGANDA",+256759588122,"04 Jul, 2025 - 03 Jul, 2027",https://eemis.mglsd.go.ug/assets/images/brands/comp_247_1677054434.jpg,TRANSCEND AGENCIES INTERNATIONAL LIMITED,E25070001,04 July 2025,03 July 2027,"(' PO BOX 33565, KAMPALA', 'Kampala, Uganda ')", +256759588122 , info@tragenciesint.com 
KING'S LAND AGENCY LIMITED,https://eemis.mglsd.go.ug/companies/KINGSLANDAGENCYLIMITED_357216,"Entebbe Municipality, Uganda",+256-782-700764,"25 Jun, 2025 - 24 Jun, 2027",https://eemis.mglsd.go.ug/assets/images/brands/comp_244_1615382762.jpg,KING'S LAND AGENCY LIMITED,E25060009,25 June 2025,24 June 2027,"(' P.O BOX 10236, KAMPALA', 'Wakiso, Uganda ')", +256-782-700764 , kingslandagency@gmail.com 
PRECISION INTERNATIONAL LABOUR CONNECTIONS LIMITED,https://eemis.mglsd.go.ug/companies/PRECISIONINTERNATIONALLABOURCONNECTIONSLIMITED_345600,KIYANJA ZONE,+256-705-693935,"06 Nov, 2025 - 05 Nov, 2027",,,,,,,,
GOLDEN STAR RECRUITMENT AGENCIES LIMITED,https://eemis.mglsd.go.ug/companies/GOLDENSTARRECRUITMENTAGENCIESLIMITED_339864,KAWEMPE DIVISION,+256-703-486704,"12 May, 2025 - 11 May, 2027",https://eemis.mglsd.go.ug/assets/images/brands/comp_238_1740157595.jpeg,GOLDEN STAR RECRUITMENT AGENCIES LIMITED,E25050003,12 May 2025,11 May 2027,"(' P.O Box 22740', 'Kampala, Uganda ')", +256-703-486704 , goldenrecruitmentagencies@gmail.com 
HAYS RECRUITMENT EXPERTS LIMITED,https://eemis.mglsd.go.ug/companies/HAYSRECRUITMENTEXPERTSLIMITED_337014,LUBOWA,+256-708-881888,"04 Jul, 2025 - 03 Jul, 2027",https://eemis.mglsd.go.ug/assets/images/brands/comp_237_1677076167.jpg,HAYS RECRUITMENT EXPERTS LIMITED,E25070002,04 July 2025,03 July 2027,"(' PO BOX 1544, KAMPALA', 'Wakiso, Uganda ')", +256-708-881888 , haysuganda@gmail.com 
GULF LINK INTERNATIONAL,https://eemis.mglsd.go.ug/companies/GULFLINKINTERNATIONAL_298374,"PLOT 1442, HERITAGE ROAD",+256-759-372297,"13 Sep, 2024 - 12 Sep, 2026",https://eemis.mglsd.go.ug/assets/images/brands/comp_223_1723017697.jpg,GULF LINK INTERNATIONAL,E24090020,13 September 2024,12 September 2026,"(' P.O.BOX 100654', 'Kampala, Uganda ')", +256-759-372297 , info@gulflinkint.com 
ALMARED AGENCY FOR RECRUITMENT AND CONSULTANCY LIMITED,https://eemis.mglsd.go.ug/companies/ALMAREDAGENCYFORRECRUITMENTANDCONSULTANCYLIMITED_282534,"KIBUGA BLOCK 25, LUBYA ZONE",+256-701-838773,"07 Aug, 2025 - 06 Aug, 2027",https://eemis.mglsd.go.ug/assets/images/brands/comp_217_1748419436.jpg,ALMARED AGENCY FOR RECRUITMENT AND CONSULTANCY LIMITED,E25080007,07 August 2025,06 August 2027,"(' P.O BOX 2889,KAMPALA', 'Kampala, Uganda ')", +256-701-838773 , almareduganda@gmail.com 
HIGH GROUND INTERNATIONAL LTD,https://eemis.mglsd.go.ug/companies/HIGHGROUNDINTERNATIONALLTD_279936,"PLOT 475, MASEMBE CLOSE, KISOTA ZONE",+256-700-480631,"18 Dec, 2024 - 17 Dec, 2026",https://eemis.mglsd.go.ug/assets/images/brands/comp_216_1661800607.png,HIGH GROUND INTERNATIONAL LTD,E24120018,18 December 2024,17 December 2026,"(' P.O Box 692', 'Kampala, Uganda ')", +256-700-480631 , highgroundintl@gmail.com 
DERM LOGISTICS UG LTD,https://eemis.mglsd.go.ug/companies/DERMLOGISTICSUGLTD_269664,"GGABA ROAD, KANSANGA",+256-772-403006,"17 May, 2024 - 16 May, 2026",https://eemis.mglsd.go.ug/assets/images/brands/comp_212_1569921609.jpg,DERM LOGISTICS UG LTD,E24050012,17 May 2024,16 May 2026,"(' p.o box 71863', 'Kampala, Uganda ')", +256-772-403006 , dermlogistics.ltd@gmail.com 
HARCHAR INTERNATIONAL LABOUR AGENCY LIMITED,https://eemis.mglsd.go.ug/companies/HARCHARINTERNATIONALLABOURAGENCYLIMITED_264600,Harchar International Labour Agency Limited,+256-394-812722,"21 Sep, 2025 - 20 Sep, 2027",https://eemis.mglsd.go.ug/assets/images/brands/comp_210_1604404682.png,HARCHAR INTERNATIONAL LABOUR AGENCY LIMITED,E25090014,21 September 2025,20 September 2027,"(' P.O BOX 130413 Kampala', 'Kampala, Uganda ')", +256-394-812722 , info@harcharintagancies.com 
SPIN LABOUR CONSULTANTS LIMITED,https://eemis.mglsd.go.ug/companies/SPINLABOURCONSULTANTSLIMITED_252150,"PLOT 1098, OFF KABAKA ANJAGALA ROAD",+256-702-222288,"18 Nov, 2024 - 17 Nov, 2026",https://eemis.mglsd.go.ug/assets/images/brands/comp_205_1583251032.jpg,SPIN LABOUR CONSULTANTS LIMITED,E24110015,18 November 2024,17 November 2026,"(' P.O Box 37226', 'Kampala, Uganda ')", +256-702-222288 , spinconsults@gmail.com 
NOA GROUP OF COMPANIES LIMITED,https://eemis.mglsd.go.ug/companies/NOAGROUPOFCOMPANIESLIMITED_218886,KISAASI DDUNGU ZONE,+256-782-120964,"19 Jun, 2024 - 18 Jun, 2026",https://eemis.mglsd.go.ug/assets/images/brands/comp_191_1647951997.jpg,NOA GROUP OF COMPANIES LIMITED,E24060011,19 June 2024,18 June 2026,"(' P.O Box 26078', 'Kampala, Uganda ')", +256-782-120964 , noagroupofcompanies@gmail.com 
HBM RECRUITMENT AGENCY UGANDA LIMITED,https://eemis.mglsd.go.ug/companies/HBMRECRUITMENTAGENCYUGANDALIMITED_214326,"RUBAGA, KAWEESA ROAD NEAR RUBAGA HOSPITAL",+256-700-941661,"28 Feb, 2024 - 27 Feb, 2026",https://eemis.mglsd.go.ug/assets/images/brands/comp_189_1636960620.jpg,HBM RECRUITMENT AGENCY UGANDA LIMITED,E24020021,28 February 2024,27 February 2026,"(' P.O.BOX 124758, KAMPLA, UGANDA', 'Kampala, Uganda ')", +256-700-941661 , Hbmrecruitment.2018@gmail.com 
STREPA INTERNATIONAL SERVICES LIMITED,https://eemis.mglsd.go.ug/companies/STREPAINTERNATIONALSERVICESLIMITED_212064,RUBAGA,+256-772-520685,"06 Nov, 2025 - 05 Nov, 2027",https://eemis.mglsd.go.ug/assets/images/brands/comp_188_1680850906.jpg,STREPA INTERNATIONAL SERVICES LIMITED,E25110004,06 November 2025,05 November 2027,"(' P.O BOX 10397, KAMPALA UGANDA', 'Kampala, Uganda ')", +256-772-520685 , strepainternationalugandaltd@yahoo.com 
AFRICAN MANPOWER CONSULT LIMITED,https://eemis.mglsd.go.ug/companies/AFRICANMANPOWERCONSULTLIMITED_205350,Old Kampala Sir Apollo Kagwa Road,+256-701-786710,"31 May, 2024 - 30 May, 2026",https://eemis.mglsd.go.ug/assets/images/brands/comp_185_1551878668.jpg,AFRICAN MANPOWER CONSULT LIMITED,E24050036,31 May 2024,30 May 2026,"(' 35199 KAMPALA', 'Kampala, Uganda ')", +256-701-786710 , africanmanpower256@gmail.com 
BM FOREX WORKERS LTD,https://eemis.mglsd.go.ug/companies/BMFOREXWORKERSLTD_190104,"KIBIRANGO CLOSE, [ off RUBAGA ROAD / off KABUSU ROAD, RUBAGA DIVISION KAMPALA",+256-702-742643,"14 Oct, 2024 - 13 Oct, 2026",https://eemis.mglsd.go.ug/assets/images/brands/comp_178_1650895165.jpg,BM FOREX WORKERS LTD,E24100005,14 October 2024,13 October 2026,"(' 22139, KAMPALA', 'Kampala, Uganda ')", +256-702-742643 , bintumpagi2@gmail.com 
SHUKRAN HABIB CONSULTANTS LTD,https://eemis.mglsd.go.ug/companies/SHUKRANHABIBCONSULTANTSLTD_185856,"LWEZA, ENTEBBE ROAD, OPPOSITE NWSC OFFICES",+256-702-000206,"25 Nov, 2024 - 24 Nov, 2026",https://eemis.mglsd.go.ug/assets/images/brands/comp_176_1599640447.jpg,SHUKRAN HABIB CONSULTANTS LTD,E24110030,25 November 2024,24 November 2026,"(' P.O.BOX 146098, KAMPALA', 'Wakiso, Uganda ')", +256-702-000206 , shukranhabibconsultants@gmail.com 
PROSPECTS INTERNATIONAL LTD,https://eemis.mglsd.go.ug/companies/ProspectsInternationalLtd_183750,"PLOT 448, BLOCK 26, Sentema Road - Mengo",+256-414-699258,"04 Jul, 2025 - 03 Jul, 2027",https://eemis.mglsd.go.ug/assets/images/brands/comp_175_1678100839.jpg,PROSPECTS INTERNATIONAL LTD,E25070003,04 July 2025,03 July 2027,"(' P.O.BOX 35227', 'Kampala, Uganda ')", +256-414-699258 , prospectsinternationalltd@gmail.com 
JERICHO INTERNATIONAL UGANDA SMC LIMITED,https://eemis.mglsd.go.ug/companies/JERICHOINTERNATIONALUGANDASMCLIMITED_169344,WONDERLAND LANE,+256-392-178652,"02 Jun, 2025 - 01 Jun, 2027",https://eemis.mglsd.go.ug/assets/images/brands/comp_168_1670339249.jpg,JERICHO INTERNATIONAL UGANDA SMC LIMITED,E25060001,02 June 2025,01 June 2027,"(' 178602 KAMPALA', 'Wakiso, Uganda ')", +256-392-178652 , info@jerichoitl.com 
ENJAAZI LIMITED,https://eemis.mglsd.go.ug/companies/EnjaaziLimited_167334,"Plot 2, Fr Seryazi Nicholas Close, Makindye",+256-707-681801,"06 Dec, 2024 - 05 Dec, 2026",https://eemis.mglsd.go.ug/assets/images/brands/comp_167_1595260785.jpg,ENJAAZI LIMITED,E24120004,06 December 2024,05 December 2026,"(' P.O Box 5328', 'Kampala, Uganda ')", +256-707-681801 , ashekitandwe153@gmail.com 
PROVIO INTERNATIONAL LTD,https://eemis.mglsd.go.ug/companies/PROVIOINTERNATIONALLTD_165336,"Northern Bypass, Kampala, Uganda",+256-701-485708,"12 May, 2025 - 11 May, 2027",,,,,,,,
ATLAS IMPEX LTD,https://eemis.mglsd.go.ug/companies/ATLASIMPEXLTD_147894,"PLOT 111, MARTYRS WAY",+256-707-013013,"25 Mar, 2025 - 24 Mar, 2027",https://eemis.mglsd.go.ug/assets/images/brands/comp_157_1669632226.jpg,ATLAS IMPEX LTD,E25030009,25 March 2025,24 March 2027,"(' P.O.BOX 6624, KAMPALA', 'Kampala, Uganda ')", +256-707-013013/256-707-013013 , atlasimpexltd@gmail.com 
RS RECRUITMENT SERVICES LIMITED,https://eemis.mglsd.go.ug/companies/RSRECRUITMENTSERVICESLIMITED_144150,LUMUMBA AVENUE,+256-783-303333,"11 Feb, 2025 - 10 Feb, 2027",https://eemis.mglsd.go.ug/assets/images/brands/comp_155_1674816344.jpg,RS RECRUITMENT SERVICES LIMITED,E25020001,11 February 2025,10 February 2027,"(' P.O. BOX 29662, KAMPALA', 'Kampala, Uganda ')", +256-783-303333 , rsrecruitment24@gmail.com 
DREAM CONNECT LIMITED,https://eemis.mglsd.go.ug/companies/DREAMCONNECTLIMITED_133206,"PLOT 4283, KIBAZO ROAD KIBULI",+256-702-281775,"23 Aug, 2024 - 22 Aug, 2026",https://eemis.mglsd.go.ug/assets/images/brands/comp_149_1656591004.jpg,DREAM CONNECT LIMITED,E24080032,23 August 2024,22 August 2026,"(' P.O BOX 5279 KAMPALA', 'Kampala, Uganda ')", +256-702-281775 , dreamconnect256@gmail.com 
ALKAREB LIMITED,https://eemis.mglsd.go.ug/companies/ALKAREBLIMITED_131424,"PLOT 2 KASALINA ESTATE, MENGO, KAMPALA",+256-759-477735,"21 Oct, 2025 - 20 Oct, 2027",https://eemis.mglsd.go.ug/assets/images/brands/comp_148_1690531675.jpeg,ALKAREB LIMITED,E25100008,21 October 2025,20 October 2027,"(' P.O.BOX 124400, KAMPALA, UGANDA', 'Kampala, Uganda ')", +256-759-477735 , alkareblimited@gmail.com 
TAIBA MAN POWER AGENCY LTD,https://eemis.mglsd.go.ug/companies/TAIBAMANPOWERAGENCYLTD_129654,Block 1 Plot 541 WAKALIGA ROAD,+256-772-892549,"02 Jul, 2024 - 01 Jul, 2026",https://eemis.mglsd.go.ug/assets/images/brands/comp_147_1646629015.png,TAIBA MAN POWER AGENCY LTD,E24070004,02 July 2024,01 July 2026,"(' P.O Box ', 'Kampala, Uganda ')", +256-772-892549 , taiba.uga@gmail.com 
KAZI MASTERS LTD,https://eemis.mglsd.go.ug/companies/KAZIMASTERSLTD_122694,MAKERERE KIKONI NEXT TO GRAND GLOBAL HOTEL,+256-701-133334,"18 Feb, 2025 - 17 Feb, 2027",https://eemis.mglsd.go.ug/assets/images/brands/comp_143_1602077087.jpg,KAZI MASTERS LTD,E25020008,18 February 2025,17 February 2027,"(' P.O BOX 8467, KAMPALA', 'Kampala, Uganda ')", +256-701-133334 , kazimasters@gmail.com 
TOP NOTCH RECRUITMENT SERVICES UGANDA LIMITED,https://eemis.mglsd.go.ug/companies/TOPNOTCHRECRUITMENTSERVICESUGANDALIMITED_107736,SEKABAKA ROAD WAKALIGA,+256-200-904091,"31 May, 2024 - 30 May, 2026",https://eemis.mglsd.go.ug/assets/images/brands/comp_134_1644411891.jpg,TOP NOTCH RECRUITMENT SERVICES UGANDA LIMITED,E24050029,31 May 2024,30 May 2026,"(' P.O Box ', 'Kampala, Uganda ')", +256-200-904091 , topnotchrecruitmentservices@gmail.com 
KAMWE RECRUITMENT AGENCY LTD,https://eemis.mglsd.go.ug/companies/KAMWERECRUITMENTAGENCYLTD_99846,"NAKAWA DIVISION, PLOT 518 BUKOTO FROBEL ROAD",+256-772-482710,"07 Aug, 2025 - 06 Aug, 2027",https://eemis.mglsd.go.ug/assets/images/brands/comp_129_1614940025.jpeg,KAMWE RECRUITMENT AGENCY LTD,E25080009,07 August 2025,06 August 2027,"(' P.O.BOX 800670', 'Kampala, Uganda ')", +256-772-482710 , kamwerecruitment@gmail.com 
MACRO MANPOWER LIMITED,https://eemis.mglsd.go.ug/companies/MACROMANPOWERLIMITED_93750,"Chorley Crescent, Kampala, Uganda",+256-741-655555,"06 Dec, 2024 - 05 Dec, 2026",https://eemis.mglsd.go.ug/assets/images/brands/logo_1251585824804185.jpg,MACRO MANPOWER LIMITED,E24120003,06 December 2024,05 December 2026,"(' P.O BOX 40231, KAMPALA', 'Kampala, Uganda ')", +256-741-655555 , mmanpower@gmail.com 
VERDANT PASTURES AGENCY U LTD ....,https://eemis.mglsd.go.ug/companies/VERDANTPASTURESAGENCYULTD_86400,PLOT 595 KIBUGA BLOCK 8 RUBAGA KAKEEKA.,+256-782-885756,"07 Sep, 2025 - 06 Sep, 2027",https://eemis.mglsd.go.ug/assets/images/brands/comp_120_1625670113.jpg,VERDANT PASTURES AGENCY U LTD ....,E25090004,07 September 2025,06 September 2027,"(' PO.BOX 121526 KAMPALA', 'Kampala, Uganda ')", +256-782-885756 , josephmwesigwa121@gmail.com 
ALSALAM LOGISTICS & CONSULTANCY LIMITED,https://eemis.mglsd.go.ug/companies/ALSALAMLOGISTICSCONSULTANCYLIMITED_77976,"PLOT 023,DR SEMBEGUYA ROAD, KAWEMPE",+256-786-421148,"25 Mar, 2025 - 24 Mar, 2027",https://eemis.mglsd.go.ug/assets/images/brands/comp_114_1594808285.jpg,ALSALAM LOGISTICS & CONSULTANCY LIMITED,E25030012,25 March 2025,24 March 2027,"(' P.O Box 142149', 'Kampala, Uganda ')", +256-786-421148 , alsalamconsultancy14@gmail.com 
HEBRA INTERNATIONAL LIMITED,https://eemis.mglsd.go.ug/companies/HEBRAINTERNATIONALLIMITED_71286,BEHIND KENJOY SUPERMARKET,+256-783-325767,"22 May, 2024 - 21 May, 2026",https://eemis.mglsd.go.ug/assets/images/brands/comp_109_1712643445.jpeg,HEBRA INTERNATIONAL LIMITED,E24050017,22 May 2024,21 May 2026,"(' P.O Box 28759', 'Kampala, Uganda ')", +256-783-325767 , hebrainternational2000@gmail.com 
JARO HOLDINGS INTERNATIONAL LIMITED,https://eemis.mglsd.go.ug/companies/JAROHOLDINGSINTERNATIONALLIMITED_66150,NTINDA - KAMPALA,+256-782-123123,"25 Jun, 2025 - 24 Jun, 2027",https://eemis.mglsd.go.ug/assets/images/brands/comp_105_1681191889.jpeg,JARO HOLDINGS INTERNATIONAL LIMITED,E25060010,25 June 2025,24 June 2027,"(' P.O.Box 73689 Kampala', 'Kampala, Uganda ')", +256-782-123123 , jarosint@gmail.com 
MARPHIE INTERNATIONAL RECRUITMENT AGENCY LIMITED,https://eemis.mglsd.go.ug/companies/MARPHIEINTERNATIONALRECRUITMENTAGENCYLIMITED_62424,"PLOT 22 KIGOOWA ROAD, NTINDA",+256-772-647799,"08 Aug, 2024 - 07 Aug, 2026",https://eemis.mglsd.go.ug/assets/images/brands/logo_1021632214202161.jpg,MARPHIE INTERNATIONAL RECRUITMENT AGENCY LIMITED,E24080012,08 August 2024,07 August 2026,"(' P.O BOX 1437', 'Kampala, Uganda ')", +256-772-647799 , marphieintra@gmail.com 
LABOUR FRONTIERS INTERNATIONAL LIMITED,https://eemis.mglsd.go.ug/companies/LABOURFRONTIERSINTERNATIONALLIMITED_60000,"MUGWANYA ROAD, PLOT 640, RUBAGA",+256-758-191640,"23 Aug, 2024 - 22 Aug, 2026",https://eemis.mglsd.go.ug/assets/images/brands/logo_1001596791112159.jpg,LABOUR FRONTIERS INTERNATIONAL LIMITED,E24080039,23 August 2024,22 August 2026,"(' 74840 KAMPALA', 'Kampala, Uganda ')", +256-758-191640 , labourfrontiers2017@gmail.com 
ROKAS RECRUITMENT SERVICES LTD,https://eemis.mglsd.go.ug/companies/ROKASRECRUITMENTSERVICESLTD_58806,MAKINDYE LUKULI ROAD,+256-785-948377,"24 Feb, 2025 - 23 Feb, 2027",https://eemis.mglsd.go.ug/assets/images/brands/comp_99_1658253071.jpg,ROKAS RECRUITMENT SERVICES LTD,E25020010,24 February 2025,23 February 2027,"(' P.O BOX 27878, KAMPALA', 'Kampala, Uganda ')", +256-785-948377 , rokasrecruitmentservices@gmail.com 
TUSANO COMBINED UGANDA LIMITED,https://eemis.mglsd.go.ug/companies/TUSANOCOMBINEDUGANDALIMITED_56454,ACCESS BUILDING RUBAGA ROAD,+256-705-757401,"25 Jun, 2025 - 24 Jun, 2027",https://eemis.mglsd.go.ug/assets/images/brands/comp_97_1678887352.jpg,TUSANO COMBINED UGANDA LIMITED,E25060008,25 June 2025,24 June 2027,"(' P.O.BOX 10417, KAMPALA UGANDA', 'Kampala, Uganda ')", +256-705-757401 , info.tusanouganda@gmail.com 
RIDAR UGANDA LIMITED,https://eemis.mglsd.go.ug/companies/RidarUgandaLimited_49686,Namugongo Division,+256-701-415961,"11 Feb, 2025 - 10 Feb, 2027",https://eemis.mglsd.go.ug/assets/images/brands/comp_91_1647525369.jpg,RIDAR UGANDA LIMITED,E25020005,11 February 2025,10 February 2027,"(' P.O BOX 7627', 'Wakiso, Uganda ')", +256-701-415961 , ridaruganda@gmail.com 
SWIFT INTERNATIONAL RECRUITERS LIMITED,https://eemis.mglsd.go.ug/companies/SWIFTINTERNATIONALRECRUITERSLIMITED_42336,LUNGUJJA SSEKABAKA KINTU ROAD,+256-392-174783,"31 May, 2024 - 30 May, 2026",https://eemis.mglsd.go.ug/assets/images/brands/comp_84_1643699520.jpeg,SWIFT INTERNATIONAL RECRUITERS LIMITED,E24050030,31 May 2024,30 May 2026,"(' P.O Box 6521', 'Kampala, Uganda ')", +256-392-174783 , swiftinternationalrecruiters@gmail.com 
JERUSALEM RECRUITMENT AGENCY LTD,https://eemis.mglsd.go.ug/companies/JerusalemRecruitmentAgencyLtd_40344,"Plot 1444, Kinawataka Road, Kireka, Kiira Municipality, Wakiso District",+256-393-239190,"03 Aug, 2025 - 02 Aug, 2027",https://eemis.mglsd.go.ug/assets/images/brands/comp_82_1684845571.jpg,JERUSALEM RECRUITMENT AGENCY LTD,E25080001,03 August 2025,02 August 2027,"(' P.O BOX 4171, KAMPALA', 'Wakiso, Uganda ')", +256-393-239190 , jerusalemagencyltd@gmail.com 
EXPLORER DUBAI LTD,https://eemis.mglsd.go.ug/companies/EXPLORERDUBAILTD_35574,"Plot 3782, Kyaliwajala, Namugongo",+256-704-022400,"25 Mar, 2025 - 24 Mar, 2027",https://eemis.mglsd.go.ug/assets/images/brands/comp_77_1674034099.jpg,EXPLORER DUBAI LTD,E25030015,25 March 2025,24 March 2027,"(' P.O Box 35551, Kampala Uganda', 'Wakiso, Uganda ')", +256-704-022400 , explorerdubai26@gmail.com 
FRESH MIND INTERNATIONAL LTD,https://eemis.mglsd.go.ug/companies/FRESHMINDINTERNATIONALLTD_29400,"Mackay Road, Mengo, behind Sir Apollo Kaggwa Primary School",+256-783-183252,"22 May, 2024 - 21 May, 2026",https://eemis.mglsd.go.ug/assets/images/brands/comp_70_1711092543.jpg,FRESH MIND INTERNATIONAL LTD,E24050019,22 May 2024,21 May 2026,"(' 107004, KAMPALA UGANDA', 'Kampala, Uganda ')", +256-783-183252 , freshmindsintl.official@gmail.com 
EZVISA KAMPALA,https://eemis.mglsd.go.ug/companies/EZVISAKAMPALA_26934,"Plot 1-3 Fumu Close, Wampewo Avenue, Kololo",+256-752-603995,"12 Jan, 2024 - 11 Jan, 2026",https://eemis.mglsd.go.ug/assets/images/brands/comp_67_1701770445.jpg,EZVISA KAMPALA,E24010010,12 January 2024,11 January 2026,"(' P.O Box 21466', 'Kampala, Uganda ')", +256-752-603995 , winn.banura@gmail.com 
SECURITY LINK LIMITED,https://eemis.mglsd.go.ug/companies/SECURITYLINKLIMITED_24576,"PLOT 537 MUTESA 1 ROAD,BULANGE",+256-759-985584,"07 Aug, 2025 - 06 Aug, 2027",https://eemis.mglsd.go.ug/assets/images/brands/comp_64_1684932868.jpg,SECURITY LINK LIMITED,E25080008,07 August 2025,06 August 2027,"(' P.O Box 35484', 'Kampala, Uganda ')", +256-759-985584 , securitylinkug@gmail.com 
INTERNATIONAL EMPLOYMENT LINKAGES (U) LTD,https://eemis.mglsd.go.ug/companies/INTERNATIONALEMPLOYMENTLINKAGESULTD_21600,"Nakasero Rd, Kampala, Uganda",+256-414-581258,"28 Feb, 2024 - 27 Feb, 2026",https://eemis.mglsd.go.ug/assets/images/brands/comp_60_1704984673.jpg,INTERNATIONAL EMPLOYMENT LINKAGES (U) LTD,E24020016,28 February 2024,27 February 2026,"(' P.O. BOX 33826, KAMPALA', 'Kampala, Uganda ')", +256-414-581258 , inter.linkages@gmail.com 
ELFIRSAN GROUP LIMITED,https://eemis.mglsd.go.ug/companies/ELFIRSANGROUPLIMITED_20886,"PLOT 5, LUTHULI DRIVE",+256-393-215483,"31 May, 2024 - 30 May, 2026",https://eemis.mglsd.go.ug/assets/images/brands/logo_591574099590110.jpg,ELFIRSAN GROUP LIMITED,E24050027,31 May 2024,30 May 2026,"(' P.O Box 29805', 'Kampala, Uganda ')", +256-393-215483 , elfirsangroup@gmail.com 
AMAZING GRACE LABOUR SERVICES LTD,https://eemis.mglsd.go.ug/companies/AMAZINGGRACELABOURSERVICESLTD_19494,KASI CLOSE OFF NABE ROAD,+256-393-228462,"28 Feb, 2024 - 27 Feb, 2026",https://eemis.mglsd.go.ug/assets/images/brands/comp_57_1704803656.png,AMAZING GRACE LABOUR SERVICES LTD,E24020017,28 February 2024,27 February 2026,"(' P.O Box 5198', 'Wakiso, Uganda ')", +256-393-228462 , info@amazingglsl.com 
DOXA CONNECTIONS LIMITED,https://eemis.mglsd.go.ug/companies/DOXACONNECTIONSLIMITED_18816,"CECILLIA ROAD,MUTUNGO ZONE ZONE II",+256-778-906540,"23 Aug, 2024 - 22 Aug, 2026",https://eemis.mglsd.go.ug/assets/images/brands/comp_56_1717159603.jpg,DOXA CONNECTIONS LIMITED,E24080037,23 August 2024,22 August 2026,"(' 39505 Kampala , Uganda', 'Kampala, Uganda ')", +256-778-906540 , vitabwpa@gmail.com 
ELITE WINNERS AGENCIES LIMITED,https://eemis.mglsd.go.ug/companies/ELITEWINNERSAGENCIESLIMITED_15606,"Sendaula Road, Kawempe Kilokole",+256-701-741383,"25 Jun, 2025 - 24 Jun, 2027",https://eemis.mglsd.go.ug/assets/images/brands/comp_51_1680179211.jpeg,ELITE WINNERS AGENCIES LIMITED,E25060012,25 June 2025,24 June 2027,"(' 121385 Kampala', 'Kampala, Uganda ')", +256-701-741383 , elitewinnersag@gmail.com 
JABEZ CONSULTANTS LIMITED,https://eemis.mglsd.go.ug/companies/JABEZCONSULTANTSLIMITED_15000,Kampala,+256-772-389100,"08 Aug, 2024 - 07 Aug, 2026",,,,,,,,
GREENER PASTURES OVERSEAS CONSULTANTS LIMITED,https://eemis.mglsd.go.ug/companies/GREENERPASTURESOVERSEASCONSULTANTSLIMITED_12696,"KANSANGA, Kampala, Uganda",+256-392-003444,"14 Mar, 2024 - 13 Mar, 2026",https://eemis.mglsd.go.ug/assets/images/brands/comp_46_1566287786.jpg,GREENER PASTURES OVERSEAS CONSULTANTS LIMITED,E24030004,14 March 2024,13 March 2026,"(' 109 KAMPALA', 'Kampala, Uganda ')", +256-392-003444 , greenerpasturesoverseas@gmail.com 
RANGERS SECURITY LTD,https://eemis.mglsd.go.ug/companies/RANGERSSECURITYLTD_12150,"SSENNYONDO CL, MUYENGA ROAD KABALAGALA, Kampala, Uganda",+256-772-427460,"18 Nov, 2024 - 17 Nov, 2026",https://eemis.mglsd.go.ug/assets/images/brands/comp_45_1660557822.png,RANGERS SECURITY LTD,E24110022,18 November 2024,17 November 2026,"(' 131348 KAMPALA', 'Kampala, Uganda ')", +256-772-427460 , rangers.ug@gmail.com 
KHALEEJ AGENCIES LIMITED,https://eemis.mglsd.go.ug/companies/KHALEEJAGENCIESLIMITED_11616,"Block 5218, Plot 265",+256-781-044760,"26 Jul, 2025 - 25 Jul, 2027",https://eemis.mglsd.go.ug/assets/images/brands/comp_44_1577183685.jpg,KHALEEJ AGENCIES LIMITED,E25070020,26 July 2025,25 July 2027,"(' P.O Box 980422', 'Wakiso, Uganda ')", +256-781-044760 , khaleejagencies@gmail.com 
ALASKER INTERNATIONAL LIMITED,https://eemis.mglsd.go.ug/companies/ALASKERINTERNATIONALLIMITED_10086,"Kabusu Road, off Rubaga Road",+256-703-440000,"04 Nov, 2024 - 03 Nov, 2026",https://eemis.mglsd.go.ug/assets/images/brands/logo_41158340068789.jpg,ALASKER INTERNATIONAL LIMITED,E24110005,04 November 2024,03 November 2026,"(' P.O Box ', 'Kampala, Uganda ')", +256-703-440000 , 2014alaskerint@gmail.com 
ADVON SERVICES UGANDA LIMITED,https://eemis.mglsd.go.ug/companies/ADVONSERVICESUGANDALIMITED_8664,KIKUMBI,+256-701-122157,"30 Apr, 2025 - 29 Apr, 2027",https://eemis.mglsd.go.ug/assets/images/brands/comp_38_1590061001.jpeg,ADVON SERVICES UGANDA LIMITED,E25040008,30 April 2025,29 April 2027,"(' P.O BOX 11423, KAMPALA', 'Wakiso, Uganda ')", +256-701-122157 , ceo@advonservicesuganda.com 
MOBILE LABOUR INTERNATIONAL LIMITED,https://eemis.mglsd.go.ug/companies/MOBILELABOURINTERNATIONALLIMITED_8214,"UNIK HOUSE, KIREKA - NAMUGONGO RD",+256-758-328887,"06 Nov, 2025 - 05 Nov, 2027",https://eemis.mglsd.go.ug/assets/images/brands/comp_37_1756884509.jpg,MOBILE LABOUR INTERNATIONAL LIMITED,E25110006,06 November 2025,05 November 2027,"(' P.O Box 33110', 'Wakiso, Uganda ')", +256-758-328887 , mobilelabour@yahoo.com 
THE NORMANDY COMPANY UGANDA LIMITED,https://eemis.mglsd.go.ug/companies/THENORMANDYCOMPANYUGANDALIMITED_6936,"Northern Bypass, Kampala, Uganda",+256-414-531983,"30 Apr, 2025 - 29 Apr, 2027",https://eemis.mglsd.go.ug/assets/images/brands/comp_34_1669974215.jpg,THE NORMANDY COMPANY UGANDA LIMITED,E25040009,30 April 2025,29 April 2027,"(' P.O Box 21296', 'Kampala, Uganda ')", +256-414-531983 , info@thenormandycompany.com 
BRIGHT STAR CREATION INTERNATIONAL LTD,https://eemis.mglsd.go.ug/companies/BRIGHTSTARCREATIONINTERNATIONALLTD_5766,NTINDA NEXT TO MINISTER'S VILLAGE HOTEL,+256-777-914234,"18 Nov, 2024 - 17 Nov, 2026",https://eemis.mglsd.go.ug/assets/images/brands/comp_31_1656413194.jpg,BRIGHT STAR CREATION INTERNATIONAL LTD,E24110020,18 November 2024,17 November 2026,"(' 11402, KAMPALA', 'Kampala, Uganda ')", +256-777-914234 , eeimis@mglsd.ug.go 
TIRAJO EMPLOYMENT AGENCIES LTD,https://eemis.mglsd.go.ug/companies/TIRAJOEMPLOYMENTAGENCIESLTD_5400,Plot 4581 Ntinda Bukoto Road,+256-775-893206,"15 Apr, 2024 - 14 Apr, 2026",https://eemis.mglsd.go.ug/assets/images/brands/comp_30_1569838888.png,TIRAJO EMPLOYMENT AGENCIES LTD,E24040007,15 April 2024,14 April 2026,"(' P.O.BOX 14208,KAMPALA UGANDA', 'Mbarara, Uganda ')", +256-775-893206 , tirajoagency@gmail.com 
CELLA INVESTMENTS LIMITED,https://eemis.mglsd.go.ug/companies/CELLAINVESTMENTSLIMITED_4704,"PLOT  10, SUNA II RD",+256-704-907500,"23 Aug, 2024 - 22 Aug, 2026",https://eemis.mglsd.go.ug/assets/images/brands/comp_28_1721214055.jpg,CELLA INVESTMENTS LIMITED,E24080040,23 August 2024,22 August 2026,"(' P.O Box 111196', 'Kampala, Uganda ')", +256-704-907500 , cellainvestmentsltd@gmail.com 
SERVEU INTERNATIONAL RECRUITING AGENCY,https://eemis.mglsd.go.ug/companies/SERVEUINTERNATIONALRECRUITINGAGENCY_4056,WANDEGEYA,+256-757-052339,"18 Dec, 2024 - 17 Dec, 2026",https://eemis.mglsd.go.ug/assets/images/brands/comp_26_1673437570.jpg,SERVEU INTERNATIONAL RECRUITING AGENCY,E24120019,18 December 2024,17 December 2026,"(' 31340 KAMPALA UGANDA', 'Kampala, Uganda ')", +256-757-052339 , serveuinternational80@gmail.com 
ISAB INTERNATIONAL LIMITED,https://eemis.mglsd.go.ug/companies/ISABINTERNATIONALLIMITED_3750,"10363,KAMPALA UGANDA",+256-704-826665,"16 Aug, 2024 - 15 Aug, 2026",,,,,,,,
AMIYAL SEFER LIMITED,https://eemis.mglsd.go.ug/companies/AMIYALSEFERLIMITED_3174,"P.O.Box 153968 KAMPALA,GPO UGANDA CENTRAL KAMPALA",+256-200-906963,"25 Nov, 2024 - 24 Nov, 2026",https://eemis.mglsd.go.ug/assets/images/brands/comp_23_1581164757.jpg,AMIYAL SEFER LIMITED,E24110032,25 November 2024,24 November 2026,"(' P.O.Box 153968', 'Kampala, Uganda ')", +256-200-906963 , amiyalsefer.ltd@gmail.com 
MALISU APOLLO INVESTMENTS LTD,https://eemis.mglsd.go.ug/companies/MALISUAPOLLOINVESTMENTSLTD_2166,NAKAWA-MTAC,+256-773-001186,"14 Mar, 2024 - 13 Mar, 2026",https://eemis.mglsd.go.ug/assets/images/brands/comp_19_1567761956.jpg,MALISU APOLLO INVESTMENTS LTD,E24030008,14 March 2024,13 March 2026,"(' P.O BOX 86, KAMPALA', 'Kampala, Uganda ')", +256-773-001186 , malisuapolloinvestmentsltd@gmail.com 
PRIME LINKAGES LIMITED,https://eemis.mglsd.go.ug/companies/PRIMELINKAGESLIMITED_1536,"Dr, Kyaligonza lane",+256-754-041079,"16 May, 2025 - 15 May, 2027",https://eemis.mglsd.go.ug/assets/images/brands/comp_16_1600418483.png,PRIME LINKAGES LIMITED,E25050017,16 May 2025,15 May 2027,"(' 1104, Ssekati Zone,Mpererwe, Kawempe Division', 'Kampala, Uganda ')", +256-754-041079 , primelinkages@gmail.com 
HAM PROPERTY SERVICES AND MANAGEMENT LTD,https://eemis.mglsd.go.ug/companies/HAMPROPERTYSERVICESANDMANAGEMENTLTD_1176,"Plot 12, Coronation Road, Old Kampala",+256-414-252490,"12 May, 2025 - 11 May, 2027",https://eemis.mglsd.go.ug/assets/images/brands/comp_14_1669450060.jpeg,HAM PROPERTY SERVICES AND MANAGEMENT LTD,E25050007,12 May 2025,11 May 2027,"(' P.O BOX 35199, KAMPALA', 'Kampala, Uganda ')", +256-414-252490 , ham.p.services@hotmail.com 
RAAMA AFRICA,https://eemis.mglsd.go.ug/companies/RAAMAAFRICA_1014,KAWEMPE MAGANJO OPPOSITE TOTAL MAGANJO PETROL STATION,+256-200-923425,"02 Sep, 2024 - 01 Sep, 2026",https://eemis.mglsd.go.ug/assets/images/brands/comp_13_1655816303.png,RAAMA AFRICA,E24090007,02 September 2024,01 September 2026,"(' P.O BOX 35227, KAMPALA', 'Kampala, Uganda ')", +256-200-923425 , raama.africano2016@gmail.com 
TRUSTIN COMPANY LIMITED,https://eemis.mglsd.go.ug/companies/TRUSTINCOMPANYLIMITED_864,"28922, MIRRAGE PLAZA, OLD PORTBELL ROAD",+256-776-027292,"06 Mar, 2025 - 05 Mar, 2027",https://eemis.mglsd.go.ug/assets/images/brands/logo_12158462593659.png,TRUSTIN COMPANY LIMITED,E25030003,06 March 2025,05 March 2027,"(' P.O BOX 28922, KAMPALA', 'Kampala, Uganda ')", +256-776-027292 , adekeesther@gmail.com 
GOLDEN ARM LIMITED,https://eemis.mglsd.go.ug/companies/GOLDENARMLIMITED_600,"KIGGUNDU ZONE,OFF GABBA ROAD, KANSANGA,BEHIND MAYBACH CAR BOND",+256-752-238439,"18 Nov, 2024 - 17 Nov, 2026",https://eemis.mglsd.go.ug/assets/images/brands/comp_10_1660917828.gif,GOLDEN ARM LIMITED,E24110025,18 November 2024,17 November 2026,"(' 131720,  KAMPALA- UGANDA', 'Kampala, Uganda ')", +256-752-238439 , goldenarmltd@gmail.com 
TEMPCRO INTERNATIONAL LIMITED,https://eemis.mglsd.go.ug/companies/TEMPCROINTERNATIONALLIMITED_384,"KISASI, KISOTA ROAD",+256-775-911091,"25 Mar, 2025 - 24 Mar, 2027",https://eemis.mglsd.go.ug/assets/images/brands/logo_8161117594255.jpg,TEMPCRO INTERNATIONAL LIMITED,E25030013,25 March 2025,24 March 2027,"(' P.O BOX 71664', 'Kampala, Uganda ')", +256-775-911091 , tempcro@tempcro.com 
ESSENTIAL COMMUNICATIONS LIMITED,https://eemis.mglsd.go.ug/companies/ESSENTIALCOMMUNICATIONSLIMITED_294,NTINDA,+256-752-755846,"28 Feb, 2024 - 27 Feb, 2026",https://eemis.mglsd.go.ug/assets/images/brands/logo_7156414440354.jpg,ESSENTIAL COMMUNICATIONS LIMITED,E24020019,28 February 2024,27 February 2026,"(' P.O Box 101199', 'Kampala, Uganda ')", +256-752-755846 , arutwaza@gmail.com 
MARIBA AGENCIES LIMITED,https://eemis.mglsd.go.ug/companies/MARIBAAGENCIESLIMITED_216,"MUYENGA BUKASA ROAD, MATOVU CLOSE",+256-701-413019,"29 Apr, 2024 - 28 Apr, 2026",https://eemis.mglsd.go.ug/assets/images/brands/comp_6_1573484677.png,MARIBA AGENCIES LIMITED,E24040021,29 April 2024,28 April 2026,"(' P.O Box 12294', 'Kampala, Uganda ')", +256-701-413019 , maribaagencies@gmail.com 
EMPOWERAGE INTERNATIONAL LIMITED,https://eemis.mglsd.go.ug/companies/EMPOWERAGEINTERNATIONALLIMITED_150,"KULAMBIRO LINK, BULABIRA",+256-772-838651,"16 May, 2025 - 15 May, 2027",https://eemis.mglsd.go.ug/assets/images/brands/comp_5_1584094186.png,EMPOWERAGE INTERNATIONAL LIMITED,E25050016,16 May 2025,15 May 2027,"(' 24962, KAMPALA', 'Kampala, Uganda ')", +256-772-838651 , empowerageinternationallimited@gmail.com 
HOREB SERVICES UGANDA LIMITED,https://eemis.mglsd.go.ug/companies/HOREBSERVICESUGANDALIMITED_96,Wankulukuku,+256-772-332939,"15 Apr, 2024 - 14 Apr, 2026",https://eemis.mglsd.go.ug/assets/images/brands/comp_4_1637645108.jpg,HOREB SERVICES UGANDA LIMITED,E24040009,15 April 2024,14 April 2026,"(' P.O Box 35828', 'Kampala, Uganda ')", +256-772-332939 , ezrahgm@gmail.com 
KHM INTERNATIONAL CONSULTANTS LIMITED,https://eemis.mglsd.go.ug/companies/KHMINTERNATIONALCONSULTANTSLIMITED_24,"KIBUGA BLOCK, OFF BALINTUNA NABULAGALA ROAD",+256-752-000777,"22 Mar, 2024 - 21 Mar, 2026",https://eemis.mglsd.go.ug/assets/images/brands/comp_2_1705916152.jpg,KHM INTERNATIONAL CONSULTANTS LIMITED,E24030010,22 March 2024,21 March 2026,"(' 72943, KAMPALA-UGANDA', 'Kampala, Uganda ')", +256-752-000777 , info.khmint@gmail.com 
