job_name_jobs_list,job_company_jobs_list,job_page_link,jobs_country_jobs_list,posted_date,deadline,job_salary_jobs_list,job_page_full_url,job_name_job_page,company_name_job_page,job_country_job_page,job_time_job_page,job_salary_job_page,job_category,job_overview,job_description_details,company_reg_date,company_phone
HOUSEMAIDE,GAYA BAIRNS LTD,./jobs?id=7285,Uganda,"Posted : 21 Nov, 2025","Deadline : 19 Dec, 2025",SAR 900,https://eemis.mglsd.go.ug/jobs?id=7285,HOUSEMAIDE,GAYA BAIRNS LTD,Saudi Arabia,"Nov 21, 2025 - Nov 21, 2027 ",SAR 900,Domestic Worker,House maids needed in Saudi Arabia to work for a contract period of 2 years.,House maids needed in Saudi Arabia to work for a contract period of 2 years.						,"29 April, 2024",+256-782-123123
HUOSEMAID,ADVON SERVICES UGANDA LIMITED,./jobs?id=7282,Uganda,"Posted : 21 Nov, 2025","Deadline : 17 Dec, 2025",SAR 900,https://eemis.mglsd.go.ug/jobs?id=7282,HUOSEMAID,ADVON SERVICES UGANDA LIMITED,Saudi Arabia,"Nov 21, 2025 - Nov 21, 2027 ",SAR 900,Domestic Worker,common domestic dutise include the following tasks:,common domestic dutise include the following tasks:,"29 September, 2025",+256-701-122157
HOUSE MAID,EZVISA KAMPALA,./jobs?id=7280,Uganda,"Posted : 19 Nov, 2025","Deadline : 14 Dec, 2025",SAR 900,https://eemis.mglsd.go.ug/jobs?id=7280,HOUSE MAID,EZVISA KAMPALA,Saudi Arabia,"Nov 19, 2025 - Nov 19, 2027 ",SAR 900,Domestic Worker,HOUSEMAIDS,HOUSEMAIDS						,"12 January, 2024",+256-752-603995
HOUSEMAIDS,KAZI MASTERS LTD,./jobs?id=7278,Uganda,"Posted : 21 Nov, 2025","Deadline : 14 Dec, 2025",SAR 900,https://eemis.mglsd.go.ug/jobs?id=7278,HOUSEMAIDS,KAZI MASTERS LTD,Saudi Arabia,"Nov 21, 2025 - Nov 21, 2027 ",SAR 900,Domestic Worker,	Candidates will be working as a domestics helper (Housemaid) for Saudi Families.,	Candidates will be working as a domestics helper (Housemaid) for Saudi Families.,"18 February, 2025",+256-701-133334
HOUSE MAID,Vaxin KT Group limited,./jobs?id=7277,Uganda,"Posted : 18 Nov, 2025","Deadline : 14 Dec, 2025",SAR 900,https://eemis.mglsd.go.ug/jobs?id=7277,HOUSE MAID,Vaxin KT Group limited,Saudi Arabia,"Nov 18, 2025 - Nov 18, 2027 ",SAR 900,Domestic Worker,"House Maids are responsible for keeping residences and commercial establishments clean and tidy. They perform various cleaning tasks, which include mopping, vacuuming and sweeping floors, washing carpets, replacing dirty linen, and wiping down kitchen counters.","House Maids are responsible for keeping residences and commercial establishments clean and tidy. They perform various cleaning tasks, which include mopping, vacuuming and sweeping floors, washing carpets, replacing dirty linen, and wiping down kitchen counters.						","18 November, 2024",+256-704-902796
house maids,FRESH MIND INTERNATIONAL LTD,./jobs?id=7273,Uganda,"Posted : 17 Nov, 2025","Deadline : 12 Dec, 2025",SAR 900,https://eemis.mglsd.go.ug/jobs?id=7273,house maids,FRESH MIND INTERNATIONAL LTD,Saudi Arabia,"Nov 17, 2025 - Nov 17, 2027 ",SAR 900,Domestic Worker,"Due to the high demand of house helper's in the middle east mostly in Saudi Arabia stand out to hiring house maids from Uganda, to help in house chores like cleaning , washing, baby sitting and cooking.","Due to the high demand of house helper's in the middle east mostly in Saudi Arabia stand out to hiring house maids from Uganda, to help in house chores like cleaning , washing, baby sitting and cooking.","22 May, 2024",+256-783-183252
HOUSEMAIDE,PRIME RECRUITMENT COMPANY LTD,./jobs?id=7272,Uganda,"Posted : 17 Nov, 2025","Deadline : 12 Dec, 2025",SAR 900,https://eemis.mglsd.go.ug/jobs?id=7272,HOUSEMAIDE,PRIME RECRUITMENT COMPANY LTD,Saudi Arabia,"Nov 17, 2025 - Nov 17, 2027 ",SAR 900,Domestic Worker,House maids needed in Saudi Arabia to work for a contract period of 2 years.,House maids needed in Saudi Arabia to work for a contract period of 2 years.						,"17 July, 2025",+256-778-742927
HOUSEMAIDS,TEMPCRO INTERNATIONAL LIMITED,./jobs?id=7268,Uganda,"Posted : 21 Nov, 2025","Deadline : 11 Dec, 2025",SAR 900,https://eemis.mglsd.go.ug/jobs?id=7268,HOUSEMAIDS,TEMPCRO INTERNATIONAL LIMITED,Saudi Arabia,"Nov 21, 2025 - Nov 21, 2027 ",SAR 900,Domestic Worker,"A Domestic Worker/Housemaid provides essential services to households, ensuring that the home runs smoothly and remains in good condition. Their duties can vary depending on the employer's needs but generally include cleaning, laundry, cooking, and caring for children or elderly family members. They may also perform administrative tasks or run errands. The role demands trustworthiness, attention to detail, and the ability to work independently or under minimal supervision.","A Domestic Worker/Housemaid provides essential services to households, ensuring that the home runs smoothly and remains in good condition. Their duties can vary depending on the employer's needs but generally include cleaning, laundry, cooking, and caring for children or elderly family members. They may also perform administrative tasks or run errands. The role demands trustworthiness, attention to detail, and the ability to work independently or under minimal supervision.						","25 March, 2025",+256-775-911091
CLEANERS,EZVISA KAMPALA,./jobs?id=7265,Uganda,"Posted : 21 Nov, 2025","Deadline : 10 Dec, 2025",AED 1200,https://eemis.mglsd.go.ug/jobs?id=7265,CLEANERS,EZVISA KAMPALA,United Arab Emirates,"Nov 21, 2025 - Nov 21, 2027 ",AED 1200,Other,"WE REQUIRE MALE APPLICANTS TO TRAVEL TO THE UNITED ARAB EMIRATES AS CLEANERS . DUTY STATION IS DUBAI , AND THEY WORK BOTH INDOOR AND OUTDOOR CLEANING . APPLICANTS MUST BE BETWEEN THE AGE RANGE OF 21-35 YEARS TO AGE . SALARY IS AED 1200, AND WORKING HOURS ARE 10 HOURS . 9 HOURS OF WORK +1 HOUR FOR BREAKS . SHARED ACCOMODATION , TRANSPORT TO AND FROM WORK , MEDICAL AND INSURANCE ARE PROVDED BY THE COMPANY . THE COMPANY PROVIDED A JONING TICKET AFTER 2 YEARS OF WORK . ","WE REQUIRE MALE APPLICANTS TO TRAVEL TO THE UNITED ARAB EMIRATES AS CLEANERS . DUTY STATION IS DUBAI , AND THEY WORK BOTH INDOOR AND OUTDOOR CLEANING . APPLICANTS MUST BE BETWEEN THE AGE RANGE OF 21-35 YEARS TO AGE . SALARY IS AED 1200, AND WORKING HOURS ARE 10 HOURS . 9 HOURS OF WORK +1 HOUR FOR BREAKS . SHARED ACCOMODATION , TRANSPORT TO AND FROM WORK , MEDICAL AND INSURANCE ARE PROVDED BY THE COMPANY . THE COMPANY PROVIDED A JONING TICKET AFTER 2 YEARS OF WORK . 						","12 January, 2024",+256-752-603995
HOUSEMAID,GOLDEN STAR RECRUITMENT AGENCIES LIMITED,./jobs?id=7264,Uganda,"Posted : 11 Nov, 2025","Deadline : 10 Dec, 2025",SAR 900,https://eemis.mglsd.go.ug/jobs?id=7264,HOUSEMAID,GOLDEN STAR RECRUITMENT AGENCIES LIMITED,Saudi Arabia,"Nov 11, 2025 - Nov 11, 2027 ",SAR 900,Domestic Worker,"The job carried out by the migrant workers in the kingdom of Saudi Arabia assigned in this category is housing cores, taking care of children, taking care of elderly people or handicapped if available for the period of two years on a salary of 900 Saudi riyals.","The job carried out by the migrant workers in the kingdom of Saudi Arabia assigned in this category is housing cores, taking care of children, taking care of elderly people or handicapped if available for the period of two years on a salary of 900 Saudi riyals.						","12 May, 2025",+256-703-486704
house maid,AMAZING GRACE LABOUR SERVICES LTD,./jobs?id=7263,Saudi Arabia,"11 Nov, 2025 - 11 Nov, 2027","Deadline : 08 Dec, 2025",SAR 900,https://eemis.mglsd.go.ug/jobs?id=7263,house maid,AMAZING GRACE LABOUR SERVICES LTD,Saudi Arabia,"Nov 11, 2025 - Nov 11, 2027 ",SAR 900,Domestic Worker,HOUSE MAID,HOUSE MAID						,"27 October, 2025",+256-393-228462
Construction Helper,MALISU APOLLO INVESTMENTS LTD,./jobs?id=7262,United Arab Emirates,"21 Nov, 2025 - 21 Nov, 2027","Deadline : 07 Dec, 2025",AED 1239,https://eemis.mglsd.go.ug/jobs?id=7262,Construction Helper,MALISU APOLLO INVESTMENTS LTD,United Arab Emirates,"Nov 21, 2025 - Nov 21, 2027 ",AED 1239,Other,"- Assisting masons, carpenters, steel fixers, and other skilled workers with tools, materials, and setup","- Assisting masons, carpenters, steel fixers, and other skilled workers with tools, materials, and setup","01 October, 2025",+256-773-001186
Male driver,POTENTIAL RECRUITMENT LTD,./jobs?id=7261,Saudi Arabia,"11 Nov, 2025 - 11 Nov, 2027","Deadline : 07 Dec, 2025",SAR 1200,https://eemis.mglsd.go.ug/jobs?id=7261,Male driver,POTENTIAL RECRUITMENT LTD,Saudi Arabia,"Nov 11, 2025 - Nov 11, 2027 ",SAR 1200,Other,"Male driver Working at the client's home, driving the car, and transporting family members.","Male driver Working at the client's home, driving the car, and transporting family members.						","19 June, 2024",+256-700-656876
house maids,HBM RECRUITMENT AGENCY UGANDA LIMITED,./jobs?id=7260,Saudi Arabia,"11 Nov, 2025 - 11 Nov, 2027","Deadline : 06 Dec, 2025",SAR 900,https://eemis.mglsd.go.ug/jobs?id=7260,house maids,HBM RECRUITMENT AGENCY UGANDA LIMITED,Saudi Arabia,"Nov 11, 2025 - Nov 11, 2027 ",SAR 900,Domestic Worker,House maids needed in Saudi Arabia to work for a contract period of 2 years.,House maids needed in Saudi Arabia to work for a contract period of 2 years.						,"21 October, 2025",+256-700-941661
MALE BIKE AND MOTOR CAR DELIVERY DRIVERS,LEGIT RECRUITMENT CONSULTANTS LTD,./jobs?id=7259,United Arab Emirates,"11 Nov, 2025 - 11 Nov, 2027","Deadline : 06 Dec, 2025",AED 1600,https://eemis.mglsd.go.ug/jobs?id=7259,MALE BIKE AND MOTOR CAR DELIVERY DRIVERS,LEGIT RECRUITMENT CONSULTANTS LTD,United Arab Emirates,"Nov 11, 2025 - Nov 11, 2027 ",AED 1600,Customer Service & Customer Support,"MALE BIKE AND MOTOR CAR DELIVERY DRIVERS TO WORK IN THE UAE RECEIVING ALL THEIR BENEFITS RESPECTIVELY AS DELIVERY DRIVERS RECEIVING SALARIES OF 1600AED AND 2400AED RESPECTIVELY WITH ADD ONS LIKE INSURANCE, FOOD ETC ","MALE BIKE AND MOTOR CAR DELIVERY DRIVERS TO WORK IN THE UAE RECEIVING ALL THEIR BENEFITS RESPECTIVELY AS DELIVERY DRIVERS RECEIVING SALARIES OF 1600AED AND 2400AED RESPECTIVELY WITH ADD ONS LIKE INSURANCE, FOOD ETC 						","23 August, 2024",+256-700-438623
Housemaid,S.A INTEGRATED STAFFING SERVICES LIMITED,./jobs?id=7258,Saudi Arabia,"11 Nov, 2025 - 11 Nov, 2027","Deadline : 06 Dec, 2025",SAR 900,https://eemis.mglsd.go.ug/jobs?id=7258,Housemaid,S.A INTEGRATED STAFFING SERVICES LIMITED,Saudi Arabia,"Nov 11, 2025 - Nov 11, 2027 ",SAR 900,Domestic Worker,"We are looking forward on recruiting a Ugandan housemaid who is in good health and able to work. Some of the responsibilities that will be required of her are mainly the house chores. The applicant must submit her CV to the responsible recruitment agency in Uganda. She has to be 21 years and above and of which there has to be a consent from her family in regards to her travels. She will be expected to be minimum a high school graduand and able to speak proper English. She will be handling all the house responsibilities such as cleaning the house, sweeping and mopping the house, washing of utensils and laundry, taking care of the kids and guidance to the children. She will be expected to give hand in cooking. However, this will all be in the right procedures of the Ministry in Uganda. She has to go through a training before being recruited. She has to also provide a police letter of a good conduct.  She has to present a medical report of her health status for further to proceed with her recruitment.","We are looking forward on recruiting a Ugandan housemaid who is in good health and able to work. Some of the responsibilities that will be required of her are mainly the house chores. The applicant must submit her CV to the responsible recruitment agency in Uganda. She has to be 21 years and above and of which there has to be a consent from her family in regards to her travels. She will be expected to be minimum a high school graduand and able to speak proper English. She will be handling all the house responsibilities such as cleaning the house, sweeping and mopping the house, washing of utensils and laundry, taking care of the kids and guidance to the children. She will be expected to give hand in cooking. However, this will all be in the right procedures of the Ministry in Uganda. She has to go through a training before being recruited. She has to also provide a police letter of a good conduct.  She has to present a medical report of her health status for further to proceed with her recruitment.","04 November, 2024",+256-759-666066
"MALE AND FEMALE SECURITY GUARDS ,CLEANERS,BIKE DELIVERY RIDERS/MOTOR CAR AND WAREHOUSE WORKERS",LEGIT RECRUITMENT CONSULTANTS LTD,./jobs?id=7257,United Arab Emirates,"11 Nov, 2025 - 11 Nov, 2027","Deadline : 06 Dec, 2025",AED 1800,https://eemis.mglsd.go.ug/jobs?id=7257,"MALE AND FEMALE SECURITY GUARDS ,CLEANERS,BIKE DELIVERY RIDERS/MOTOR CAR AND WAREHOUSE WORKERS",LEGIT RECRUITMENT CONSULTANTS LTD,United Arab Emirates,"Nov 11, 2025 - Nov 11, 2027 ",AED 1800,Administration & Office Support,"SECURITY,CLEANING, BIKE DELIVERY RIDERS/MOTOR CAR AND WAREHOUSE JOBS IN UAE, MALE AND FEMALE UGANDANS REQUIRED, SALARY OF 1800AED ,1400AED,1600AED AND 1400AED RESPECTIVELY, FREE ACCOMODATION, TRANSPORT TOO AND FROM WORK AND MEDICAL INSURANCE PROVIDED BY HIRING COMPANY","SECURITY,CLEANING, BIKE DELIVERY RIDERS/MOTOR CAR AND WAREHOUSE JOBS IN UAE, MALE AND FEMALE UGANDANS REQUIRED, SALARY OF 1800AED ,1400AED,1600AED AND 1400AED RESPECTIVELY, FREE ACCOMODATION, TRANSPORT TOO AND FROM WORK AND MEDICAL INSURANCE PROVIDED BY HIRING COMPANY						","23 August, 2024",+256-700-438623
Housemaid,KAMWE RECRUITMENT AGENCY LTD,./jobs?id=7256,Saudi Arabia,"11 Nov, 2025 - 11 Nov, 2027","Deadline : 05 Dec, 2025",SAR 900,https://eemis.mglsd.go.ug/jobs?id=7256,Housemaid,KAMWE RECRUITMENT AGENCY LTD,Saudi Arabia,"Nov 11, 2025 - Nov 11, 2027 ",SAR 900,Domestic Worker,We are looking for a housemaid who will be helping in the house keeping. Some of the requirements that are required of her are as of below.,We are looking for a housemaid who will be helping in the house keeping. Some of the requirements that are required of her are as of below.,"07 August, 2025",+256-772-482710
HOUSEMAID,ABSOLUTE CONNECTION INTERNATIONAL LTD,./jobs?id=7255,Saudi Arabia,"11 Nov, 2025 - 11 Nov, 2027","Deadline : 05 Dec, 2025",SAR 900,https://eemis.mglsd.go.ug/jobs?id=7255,HOUSEMAID,ABSOLUTE CONNECTION INTERNATIONAL LTD,Saudi Arabia,"Nov 11, 2025 - Nov 11, 2027 ",SAR 900,Domestic Worker,"The maid cleans the rooms, the kitchen and the bathrooms, does the laundry and irons the clothes, and she will take the time to rest and get a SIM card with the Internet and She has her own room .","The maid cleans the rooms, the kitchen and the bathrooms, does the laundry and irons the clothes, and she will take the time to rest and get a SIM card with the Internet and She has her own room .						","16 August, 2024",+256753210986
HOUSE MAID,PRIME LINKAGES LIMITED,./jobs?id=7254,Saudi Arabia,"11 Nov, 2025 - 11 Nov, 2027","Deadline : 05 Dec, 2025",SAR 900,https://eemis.mglsd.go.ug/jobs?id=7254,HOUSE MAID,PRIME LINKAGES LIMITED,Saudi Arabia,"Nov 11, 2025 - Nov 11, 2027 ",SAR 900,Domestic Worker,The main duties and responsibilities of the Domestic Workers are responsible for keep residences and commercial establishments clean and tidy,The main duties and responsibilities of the Domestic Workers are responsible for keep residences and commercial establishments clean and tidy						,"16 May, 2025",+256-754-041079
HOUSEMAID,SOVRAN RECRUITMENT AGENCY LIMITED,./jobs?id=7253,Saudi Arabia,"11 Nov, 2025 - 11 Nov, 2027","Deadline : 04 Dec, 2025",SAR 900,https://eemis.mglsd.go.ug/jobs?id=7253,HOUSEMAID,SOVRAN RECRUITMENT AGENCY LIMITED,Saudi Arabia,"Nov 11, 2025 - Nov 11, 2027 ",SAR 900,Domestic Worker,House maids needed in Saudi Arabia to work for a contract period of 2 years.,House maids needed in Saudi Arabia to work for a contract period of 2 years.						,"08 August, 2024",+256-200-919335
HOUSE MAID,ALMAHTTA RECRUITMENT AGENCY LTD,./jobs?id=7252,Saudi Arabia,"11 Nov, 2025 - 11 Nov, 2027","Deadline : 03 Dec, 2025",SAR 900,https://eemis.mglsd.go.ug/jobs?id=7252,HOUSE MAID,ALMAHTTA RECRUITMENT AGENCY LTD,Saudi Arabia,"Nov 11, 2025 - Nov 11, 2027 ",SAR 900,Domestic Worker,"This is a house Maid job and the maid will only be working in the house undertaking mainly indoor and outdoor chores. She will be working 40 hours a week. She will be provided free meals, medical and sleeping quarters. She will work in one house only and be paid at every end of every month. On arrival, she will be provided a local telephone line for easy reach of her family whilst there. She will have a three-month probation period. Monthly salary of 900 Saudi Riyals will be paid at the end of the month and a contract of 2 years.","This is a house Maid job and the maid will only be working in the house undertaking mainly indoor and outdoor chores. She will be working 40 hours a week. She will be provided free meals, medical and sleeping quarters. She will work in one house only and be paid at every end of every month. On arrival, she will be provided a local telephone line for easy reach of her family whilst there. She will have a three-month probation period. Monthly salary of 900 Saudi Riyals will be paid at the end of the month and a contract of 2 years.","23 August, 2024",+256-787-256547
House Maid,EKISIINGA RECRUITMENT CO. LIMITED,./jobs?id=7251,Saudi Arabia,"11 Nov, 2025 - 11 Nov, 2027","Deadline : 03 Dec, 2025",SAR 900,https://eemis.mglsd.go.ug/jobs?id=7251,House Maid,EKISIINGA RECRUITMENT CO. LIMITED,Saudi Arabia,"Nov 11, 2025 - Nov 11, 2027 ",SAR 900,Domestic Worker,House Maid,House Maid						,"21 September, 2025",+256-785-213932
Housemaid,NASSER RECRUITMENT AGENCY LIMITED,./jobs?id=7250,Saudi Arabia,"11 Nov, 2025 - 11 Nov, 2027","Deadline : 03 Dec, 2025",SAR 900,https://eemis.mglsd.go.ug/jobs?id=7250,Housemaid,NASSER RECRUITMENT AGENCY LIMITED,Saudi Arabia,"Nov 11, 2025 - Nov 11, 2027 ",SAR 900,Domestic Worker,HOUSE MAIDS NEEDED IN KINGDOM OF SAUDI ARABIA TO WORK ON A TWO-YEAR CONTRACT,HOUSE MAIDS NEEDED IN KINGDOM OF SAUDI ARABIA TO WORK ON A TWO-YEAR CONTRACT						,"16 August, 2024",+256-756-568009
HOUSEMAID,RUNTOWN AGENCIES LIMITED,./jobs?id=7249,Saudi Arabia,"05 Nov, 2025 - 05 Nov, 2027","Deadline : 03 Dec, 2025",SAR 900,https://eemis.mglsd.go.ug/jobs?id=7249,HOUSEMAID,RUNTOWN AGENCIES LIMITED,Saudi Arabia,"Nov 05, 2025 - Nov 05, 2027 ",SAR 900,Domestic Worker,"Housemaids are responsible for keeping residences and commercial establishments clean and tidy. They perform various cleaning tasks, including mopping, vacuuming, and sweeping floors, washing carpets, replacing dirty linen, and wiping down kitchen counters.","Housemaids are responsible for keeping residences and commercial establishments clean and tidy. They perform various cleaning tasks, including mopping, vacuuming, and sweeping floors, washing carpets, replacing dirty linen, and wiping down kitchen counters.						","22 March, 2024",+256-702-769754
HOUSEMAID,KEIRA SOLUTIONS LTD,./jobs?id=7244,Saudi Arabia,"04 Nov, 2025 - 04 Nov, 2027","Deadline : 30 Nov, 2025",SAR 900,https://eemis.mglsd.go.ug/jobs?id=7244,HOUSEMAID,KEIRA SOLUTIONS LTD,Saudi Arabia,"Nov 04, 2025 - Nov 04, 2027 ",SAR 900,Domestic Worker,working as a house maid helping the family in cleaning and the children or elder people some times if its requested ,working as a house maid helping the family in cleaning and the children or elder people some times if its requested 						,"11 January, 2024",+256-776-908448
Housemaid,DILIGENT OVERSEAS RECRUITMENT AGENCY LTD,./jobs?id=7243,Saudi Arabia,"10 Nov, 2025 - 10 Nov, 2027","Deadline : 29 Nov, 2025",SAR 900,https://eemis.mglsd.go.ug/jobs?id=7243,Housemaid,DILIGENT OVERSEAS RECRUITMENT AGENCY LTD,Saudi Arabia,"Nov 10, 2025 - Nov 10, 2027 ",SAR 900,Domestic Worker,"We are looking forward on recruiting a Ugandan housemaid who is in good health and able to work. Some of the responsibilities that will be required of her are mainly the house chores. The applicant must submit her CV to the responsible recruitment agency in Uganda. She has to be 21 years and above and of which there has to be a consent from her family in regards to her travels. She will be expected to be minimum a high school graduand and able to speak proper English. She will be handling all the house responsibilities such as cleaning the house, sweeping and mopping the house, washing of utensils and laundry, taking care of the kids and guidance to the children. She will be expected to give hand in cooking. However, this will all be in the right procedures of the Ministry in Uganda. She has to go through a training before being recruited. She has to also provide a police letter of a good conduct.  She has to present a medical report of her health status for further to proceed with her recruitment.","We are looking forward on recruiting a Ugandan housemaid who is in good health and able to work. Some of the responsibilities that will be required of her are mainly the house chores. The applicant must submit her CV to the responsible recruitment agency in Uganda. She has to be 21 years and above and of which there has to be a consent from her family in regards to her travels. She will be expected to be minimum a high school graduand and able to speak proper English. She will be handling all the house responsibilities such as cleaning the house, sweeping and mopping the house, washing of utensils and laundry, taking care of the kids and guidance to the children. She will be expected to give hand in cooking. However, this will all be in the right procedures of the Ministry in Uganda. She has to go through a training before being recruited. She has to also provide a police letter of a good conduct.  She has to present a medical report of her health status for further to proceed with her recruitment.						","14 April, 2025",+256700328938
house maid,AMENVU INTERNATIONAL LIMITED,./jobs?id=7240,Saudi Arabia,"11 Nov, 2025 - 11 Nov, 2027","Deadline : 29 Nov, 2025",SAR 900,https://eemis.mglsd.go.ug/jobs?id=7240,house maid,AMENVU INTERNATIONAL LIMITED,Saudi Arabia,"Nov 11, 2025 - Nov 11, 2027 ",SAR 900,Domestic Worker,"A domestic helper is a service worker who helps out around the home. They provide families with a number of services, including: cooking, cleaning, childcare, and assistance with elderly house members. A domestic helper may also help outside of the home for a family. This can include running errands like grocery shopping or picking up needed supplies, among other things.","A domestic helper is a service worker who helps out around the home. They provide families with a number of services, including: cooking, cleaning, childcare, and assistance with elderly house members. A domestic helper may also help outside of the home for a family. This can include running errands like grocery shopping or picking up needed supplies, among other things.","21 October, 2025",+256-782-533295
House Maid,TSK RECRUITMENT AGENCY LIMITED,./jobs?id=7239,Saudi Arabia,"11 Nov, 2025 - 11 Nov, 2027","Deadline : 29 Nov, 2025",SAR 900,https://eemis.mglsd.go.ug/jobs?id=7239,House Maid,TSK RECRUITMENT AGENCY LIMITED,Saudi Arabia,"Nov 11, 2025 - Nov 11, 2027 ",SAR 900,Domestic Worker,House Maid,House Maid						,"29 April, 2024",+256-704-235060
HOUSEMAID,EBENEZER RECRUITMENT AGENCY LTD,./jobs?id=7238,Saudi Arabia,"06 Nov, 2025 - 06 Nov, 2027","Deadline : 29 Nov, 2025",SAR 900,https://eemis.mglsd.go.ug/jobs?id=7238,HOUSEMAID,EBENEZER RECRUITMENT AGENCY LTD,Saudi Arabia,"Nov 06, 2025 - Nov 06, 2027 ",SAR 900,Domestic Worker,to work as a domestic worker helping the family in cleaning and if care for children's and if its requested to care for elder people  ,to work as a domestic worker helping the family in cleaning and if care for children's and if its requested to care for elder people  						,"16 August, 2024",+256756416979
Housemaid,RANGERS SECURITY LTD,./jobs?id=7237,Saudi Arabia,"05 Nov, 2025 - 05 Nov, 2027","Deadline : 29 Nov, 2025",SAR 900,https://eemis.mglsd.go.ug/jobs?id=7237,Housemaid,RANGERS SECURITY LTD,Saudi Arabia,"Nov 05, 2025 - Nov 05, 2027 ",SAR 900,Domestic Worker,"We are looking forward on recruiting a Ugandan housemaid who is in good health and able to work. Some of the responsibilities that will be required of her are mainly the house chores. The applicant must submit her CV to the responsible recruitment agency in Uganda. She has to be 21 years and above and of which there has to be a consent from her family in regards to her travels. She will be expected to be minimum a high school graduand and able to speak proper English. She will be handling all the house responsibilities such as cleaning the house, sweeping and mopping the house, washing of utensils and laundry, taking care of the kids and guidance to the children. She will be expected to give hand in cooking. However, this will all be in the right procedures of the Ministry in Uganda. She has to go through a training before being recruited. She has to also provide a police letter of a good conduct.  She has to present a medical report of her health status for further to proceed with her recruitment.","We are looking forward on recruiting a Ugandan housemaid who is in good health and able to work. Some of the responsibilities that will be required of her are mainly the house chores. The applicant must submit her CV to the responsible recruitment agency in Uganda. She has to be 21 years and above and of which there has to be a consent from her family in regards to her travels. She will be expected to be minimum a high school graduand and able to speak proper English. She will be handling all the house responsibilities such as cleaning the house, sweeping and mopping the house, washing of utensils and laundry, taking care of the kids and guidance to the children. She will be expected to give hand in cooking. However, this will all be in the right procedures of the Ministry in Uganda. She has to go through a training before being recruited. She has to also provide a police letter of a good conduct.  She has to present a medical report of her health status for further to proceed with her recruitment.						","18 November, 2024",+256-772-427460
HOUSEMAID,VERDANT PASTURES AGENCY U LTD ....,./jobs?id=7236,Saudi Arabia,"02 Nov, 2025 - 02 Nov, 2027","Deadline : 29 Nov, 2025",SAR 900,https://eemis.mglsd.go.ug/jobs?id=7236,HOUSEMAID,VERDANT PASTURES AGENCY U LTD ....,Saudi Arabia,"Nov 02, 2025 - Nov 02, 2027 ",SAR 900,Domestic Worker,HOUSEMAID,HOUSEMAID						,"07 September, 2025",+256-782-885756
HOUSEMAIDS,Peak Labour Giants Limited,./jobs?id=7232,Saudi Arabia,"11 Nov, 2025 - 11 Nov, 2027","Deadline : 29 Nov, 2025",SAR 900,https://eemis.mglsd.go.ug/jobs?id=7232,HOUSEMAIDS,Peak Labour Giants Limited,Saudi Arabia,"Nov 11, 2025 - Nov 11, 2027 ",SAR 900,Domestic Worker,House maids needed in Saudi Arabia to work for a contract period of 2 years.,House maids needed in Saudi Arabia to work for a contract period of 2 years.						,"17 May, 2024",+256-701-588214
HOUSEMAID,TERRYSOME INVESTMENTS LIMITED,./jobs?id=7231,Saudi Arabia,"06 Nov, 2025 - 06 Nov, 2027","Deadline : 29 Nov, 2025",SAR 900,https://eemis.mglsd.go.ug/jobs?id=7231,HOUSEMAID,TERRYSOME INVESTMENTS LIMITED,Saudi Arabia,"Nov 06, 2025 - Nov 06, 2027 ",SAR 900,Domestic Worker,We are looking for a domestic helper who has an excellent eye for detail and a passion for tidiness. A domestic helper works closely with homeowners to find out what their needs are and how they would prefer their homes to be cleaned.,We are looking for a domestic helper who has an excellent eye for detail and a passion for tidiness. A domestic helper works closely with homeowners to find out what their needs are and how they would prefer their homes to be cleaned.,"29 April, 2024",+256-706-496674
Support worker,GAYA BAIRNS LTD,./jobs?id=7230,Saudi Arabia,"05 Nov, 2025 - 05 Nov, 2027","Deadline : 26 Nov, 2025",SAR 1000,https://eemis.mglsd.go.ug/jobs?id=7230,Support worker,GAYA BAIRNS LTD,Saudi Arabia,"Nov 05, 2025 - Nov 05, 2027 ",SAR 1000,Other,Cleaning and caring about house,Cleaning and caring about house						,"29 April, 2024",+256-782-123123
House maid,RAAMA AFRICA,./jobs?id=7229,Saudi Arabia,"11 Nov, 2025 - 11 Nov, 2027","Deadline : 26 Nov, 2025",SAR 900,https://eemis.mglsd.go.ug/jobs?id=7229,House maid,RAAMA AFRICA,Saudi Arabia,"Nov 11, 2025 - Nov 11, 2027 ",SAR 900,Domestic Worker,House maid (house cleanliness),House maid (house cleanliness),"02 September, 2024",+256-200-923425
Housemaid,FREE ZONE INTERNATIONAL RECRUITMENT AGENCY LTD,./jobs?id=7221,Saudi Arabia,"23 Oct, 2025 - 23 Oct, 2027","Deadline : 25 Feb, 2026",SAR 900,https://eemis.mglsd.go.ug/jobs?id=7221,Housemaid,FREE ZONE INTERNATIONAL RECRUITMENT AGENCY LTD,Saudi Arabia,"Oct 23, 2025 - Oct 23, 2027 ",SAR 900,Domestic Worker,HOUSE MAID-PERSONAL HELPER,HOUSE MAID-PERSONAL HELPER						,"18 July, 2024",+256-755-960507
Housemaid,FREE ZONE INTERNATIONAL RECRUITMENT AGENCY LTD,./jobs?id=7220,Saudi Arabia,"23 Oct, 2025 - 23 Oct, 2027","Deadline : 27 Feb, 2026",SAR 900,https://eemis.mglsd.go.ug/jobs?id=7220,Housemaid,FREE ZONE INTERNATIONAL RECRUITMENT AGENCY LTD,Saudi Arabia,"Oct 23, 2025 - Oct 23, 2027 ",SAR 900,Domestic Worker,"Domestic service workers (housemaids) are expected to provide household services alongside other family members, such as cleaning, cooking, housekeeping, and babysitting.","Domestic service workers (housemaids) are expected to provide household services alongside other family members, such as cleaning, cooking, housekeeping, and babysitting.						","18 July, 2024",+256-755-960507
HOUSEMAID,TRUSTIN COMPANY LIMITED,./jobs?id=7209,Saudi Arabia,"30 Oct, 2025 - 30 Oct, 2027","Deadline : 14 Nov, 2027",SAR 900,https://eemis.mglsd.go.ug/jobs?id=7209,HOUSEMAID,TRUSTIN COMPANY LIMITED,Saudi Arabia,"Oct 30, 2025 - Oct 30, 2027 ",SAR 900,Domestic Worker,"A maid and domestic worker who takes care of household affairs, including cleaning, washing, organizing, ironing, taking care of children and the elderly, and all the chores inside the house.","A maid and domestic worker who takes care of household affairs, including cleaning, washing, organizing, ironing, taking care of children and the elderly, and all the chores inside the house.						","06 March, 2025",+256-776-027292
HOUSEMAIDS,DERM LOGISTICS UG LTD,./jobs?id=7198,Saudi Arabia,"14 Oct, 2025 - 14 Oct, 2027","Deadline : 31 Aug, 2026",SAR 900,https://eemis.mglsd.go.ug/jobs?id=7198,HOUSEMAIDS,DERM LOGISTICS UG LTD,Saudi Arabia,"Oct 14, 2025 - Oct 14, 2027 ",SAR 900,Domestic Worker,"We are looking forward on recruiting a Ugandan housemaid who is in good health and able to work. Some of the responsibilities that will be required of her are mainly the house chores. The applicant must submit her CV to the responsible recruitment agency in Uganda. She has to be 21 years and above and of which there has to be a consent from her family in regards to her travels. She will be expected to be minimum a high school graduand and able to speak proper English. She will be handling all the house responsibilities such as cleaning the house, sweeping and mopping the house, washing of utensils and laundry, taking care of the kids and guidance to the children. She will be expected to give hand in cooking. However, this will all be in the right procedures of the Ministry in Uganda. She has to go through a training before being recruited. She has to also provide a police letter of a good conduct. She has to present a medical report of her health status for further to proceed with her recruitment.","We are looking forward on recruiting a Ugandan housemaid who is in good health and able to work. Some of the responsibilities that will be required of her are mainly the house chores. The applicant must submit her CV to the responsible recruitment agency in Uganda. She has to be 21 years and above and of which there has to be a consent from her family in regards to her travels. She will be expected to be minimum a high school graduand and able to speak proper English. She will be handling all the house responsibilities such as cleaning the house, sweeping and mopping the house, washing of utensils and laundry, taking care of the kids and guidance to the children. She will be expected to give hand in cooking. However, this will all be in the right procedures of the Ministry in Uganda. She has to go through a training before being recruited. She has to also provide a police letter of a good conduct. She has to present a medical report of her health status for further to proceed with her recruitment.						","17 May, 2024",+256-772-403006
HOUSE MAID,HIREON AGENCY LIMITED,./jobs?id=7184,Saudi Arabia,"08 Oct, 2025 - 08 Oct, 2027","Deadline : 15 Sep, 2027",SAR 900,https://eemis.mglsd.go.ug/jobs?id=7184,HOUSE MAID,HIREON AGENCY LIMITED,Saudi Arabia,"Oct 08, 2025 - Oct 08, 2027 ",SAR 900,Domestic Worker,"We are seeking a reliable and hardworking Female Housemaid to join a family in Saudi Arabia. The successful candidate will be responsible for general household chores, including cleaning, cooking, and childcare.","We are seeking a reliable and hardworking Female Housemaid to join a family in Saudi Arabia. The successful candidate will be responsible for general household chores, including cleaning, cooking, and childcare.						","18 November, 2024",+256-786-702000
House Maid,AMIYAL SEFER LIMITED,./jobs?id=7118,Saudi Arabia,"30 Oct, 2025 - 30 Oct, 2027","Deadline : 31 Dec, 2027",SAR 900,https://eemis.mglsd.go.ug/jobs?id=7118,House Maid,AMIYAL SEFER LIMITED,Saudi Arabia,"Oct 30, 2025 - Oct 30, 2027 ",SAR 900,Domestic Worker,"We are looking for HOUSEMAIDS with proven working experience (SHOULD UNDERGO TRAINING) in the relevant field, and able to work independently and remain motivated.","We are looking for HOUSEMAIDS with proven working experience (SHOULD UNDERGO TRAINING) in the relevant field, and able to work independently and remain motivated.","30 October, 2025",+256-200-906963
HOUSE MAID,HIREON AGENCY LIMITED,./jobs?id=7076,Saudi Arabia,"22 Aug, 2025 - 22 Aug, 2027","Deadline : 21 Sep, 2027",SAR 900,https://eemis.mglsd.go.ug/jobs?id=7076,HOUSE MAID,HIREON AGENCY LIMITED,Saudi Arabia,"Aug 22, 2025 - Aug 22, 2027 ",SAR 900,Domestic Worker,A house maid is a female servant employed to do house work,A house maid is a female servant employed to do house work						,"18 November, 2024",+256-786-702000
Demostic worker,ISAB INTERNATIONAL LIMITED,./jobs?id=7074,Saudi Arabia,"14 Aug, 2025 - 14 Aug, 2027","Deadline : 25 Aug, 2026",SAR 900,https://eemis.mglsd.go.ug/jobs?id=7074,Demostic worker,ISAB INTERNATIONAL LIMITED,Saudi Arabia,"Aug 14, 2025 - Aug 14, 2027 ",SAR 900,Domestic Worker,We look forward to recruit housemaids from Uganda of 21 years of age and above,We look forward to recruit housemaids from Uganda of 21 years of age and above						,"16 August, 2024",+256-704-826665
HOUSE MAID,AMIYAL SEFER LIMITED,./jobs?id=7058,Saudi Arabia,"30 Oct, 2025 - 30 Oct, 2027","Deadline : 31 Dec, 2029",SAR 900,https://eemis.mglsd.go.ug/jobs?id=7058,HOUSE MAID,AMIYAL SEFER LIMITED,Saudi Arabia,"Oct 30, 2025 - Oct 30, 2027 ",SAR 900,Domestic Worker,We are looking for HOUSEMAIDS with proven working experience (SHOULD UNDERGO TRAINING) in the relevant field and able to work independently and remain motivated.,We are looking for HOUSEMAIDS with proven working experience (SHOULD UNDERGO TRAINING) in the relevant field and able to work independently and remain motivated.,"30 October, 2025",+256-200-906963
HOUSE MAID,HIREON AGENCY LIMITED,./jobs?id=7046,Saudi Arabia,"31 Jul, 2025 - 31 Jul, 2027","Deadline : 20 Aug, 2027",SAR 900,https://eemis.mglsd.go.ug/jobs?id=7046,HOUSE MAID,HIREON AGENCY LIMITED,Saudi Arabia,"Jul 31, 2025 - Jul 31, 2027 ",SAR 900,Domestic Worker,A house maid is a female servant employed to do work,A house maid is a female servant employed to do work						,"18 November, 2024",+256-786-702000
HOUSEMAIDS,DERM LOGISTICS UG LTD,./jobs?id=7018,Saudi Arabia,"07 Jul, 2025 - 07 Jul, 2027","Deadline : 30 May, 2026",SAR 900,https://eemis.mglsd.go.ug/jobs?id=7018,HOUSEMAIDS,DERM LOGISTICS UG LTD,Saudi Arabia,"Jul 07, 2025 - Jul 07, 2027 ",SAR 900,Domestic Worker,The domestic worker shall:,The domestic worker shall:,"17 May, 2024",+256-772-403006
Housemaid,Jerusalem Recruitment Agency Ltd,./jobs?id=6891,Saudi Arabia,"30 Apr, 2025 - 30 Apr, 2027","Deadline : 24 May, 2027",SAR 900,https://eemis.mglsd.go.ug/jobs?id=6891,Housemaid,Jerusalem Recruitment Agency Ltd,Saudi Arabia,"Apr 30, 2025 - Apr 30, 2027 ",SAR 900,Domestic Worker,"This Job exists to assist households in carrying out domestic work such as general cleaning, cooking, babysitting, ironing, washing, elderly care and disabled care and any other assigned duties within the confines of the home.","This Job exists to assist households in carrying out domestic work such as general cleaning, cooking, babysitting, ironing, washing, elderly care and disabled care and any other assigned duties within the confines of the home.						","03 August, 2025",+256-393-239190
House Maid,SHUKRAN HABIB CONSULTANTS LTD,./jobs?id=6724,Saudi Arabia,"29 Sep, 2025 - 29 Sep, 2027","Deadline : 31 Dec, 2026",SAR 900,https://eemis.mglsd.go.ug/jobs?id=6724,House Maid,SHUKRAN HABIB CONSULTANTS LTD,Saudi Arabia,"Sep 29, 2025 - Sep 29, 2027 ",SAR 900,Domestic Worker,Work as a domestic worker in Saudi Arabia,Work as a domestic worker in Saudi Arabia,"29 September, 2025",+256-702-000206
HOUSE MAIDS,JABEZ CONSULTANTS LIMITED,./jobs?id=6706,Saudi Arabia,"18 Feb, 2025 - 18 Feb, 2027","Deadline : 01 Dec, 2027",SAR 900,https://eemis.mglsd.go.ug/jobs?id=6706,HOUSE MAIDS,JABEZ CONSULTANTS LIMITED,Saudi Arabia,"Feb 18, 2025 - Feb 18, 2027 ",SAR 900,Domestic Worker,We are looking for HOUSEMAIDS with proven working experience,We are looking for HOUSEMAIDS with proven working experience,"08 August, 2024",+256-772-389100
House Maid,HIREON AGENCY LIMITED,./jobs?id=6622,Saudi Arabia,"09 Jan, 2025 - 09 Jan, 2027","Deadline : 07 Feb, 2026",SAR 900,https://eemis.mglsd.go.ug/jobs?id=6622,House Maid,HIREON AGENCY LIMITED,Saudi Arabia,"Jan 09, 2025 - Jan 09, 2027 ",SAR 900,Domestic Worker,"We are seeking a reliable and hardworking Female Housemaid to join a family in Saudi Arabia. The successful candidate will be responsible for general household chores, including cleaning, cooking, and childcare.","We are seeking a reliable and hardworking Female Housemaid to join a family in Saudi Arabia. The successful candidate will be responsible for general household chores, including cleaning, cooking, and childcare.						","18 November, 2024",+256-786-702000
Housemaid,HIREON AGENCY LIMITED,./jobs?id=6591,Saudi Arabia,"20 Dec, 2024 - 20 Dec, 2026","Deadline : 11 Dec, 2026",SAR 900,https://eemis.mglsd.go.ug/jobs?id=6591,Housemaid,HIREON AGENCY LIMITED,Saudi Arabia,"Dec 20, 2024 - Dec 20, 2026 ",SAR 900,Domestic Worker,"A Female worker is required who has at least completed high school or graduated and is able to speak English and with a recommendation from the guardians to travel to Saudi Arabia. She must have passed the medical requirements and with training provided to her. She will be doing the house chores such as washing clothes (laundry), cleaning the house washing utensils, sweeping the compound, and ensuring that the house is always clean and not messed up. She must be 18 years and above and fit for work.","A Female worker is required who has at least completed high school or graduated and is able to speak English and with a recommendation from the guardians to travel to Saudi Arabia. She must have passed the medical requirements and with training provided to her. She will be doing the house chores such as washing clothes (laundry), cleaning the house washing utensils, sweeping the compound, and ensuring that the house is always clean and not messed up. She must be 18 years and above and fit for work.","18 November, 2024",+256-786-702000
Housemaid,INTERCONTINENTAL OPPORTUNITIES LIMITED,./jobs?id=6548,Saudi Arabia,"30 Apr, 2025 - 30 Apr, 2027","Deadline : 20 Dec, 2025",SAR 900,https://eemis.mglsd.go.ug/jobs?id=6548,Housemaid,INTERCONTINENTAL OPPORTUNITIES LIMITED,Saudi Arabia,"Apr 30, 2025 - Apr 30, 2027 ",SAR 900,Domestic Worker,"Domestic workers or housemaids are responsible for keeping residence clean and tidy. Housemaids may be hired through as people have different needs, a housemaid’s specific responsibilities and duties can only be explained at the time of hiring. Some of them so that their work hours are not too defined – they are live-in housemaids and are considered as part of the family and cares","Domestic workers or housemaids are responsible for keeping residence clean and tidy. Housemaids may be hired through as people have different needs, a housemaid’s specific responsibilities and duties can only be explained at the time of hiring. Some of them so that their work hours are not too defined – they are live-in housemaids and are considered as part of the family and cares","01 August, 2025",+256-772-584315
House maid,SWIFT INTERNATIONAL RECRUITERS LIMITED,./jobs?id=6540,Saudi Arabia,"19 Nov, 2024 - 19 Nov, 2026","Deadline : 01 Dec, 2025",SAR 900,https://eemis.mglsd.go.ug/jobs?id=6540,House maid,SWIFT INTERNATIONAL RECRUITERS LIMITED,Saudi Arabia,"Nov 19, 2024 - Nov 19, 2026 ",SAR 900,Domestic Worker," Domestic workers to help in housework like cleaning, washing and doing other housework like cooking and helping family members"," Domestic workers to help in housework like cleaning, washing and doing other housework like cooking and helping family members						","31 May, 2024",+256-392-174783
housemaid,TRUSTIN COMPANY LIMITED,./jobs?id=6535,Saudi Arabia,"02 Dec, 2024 - 02 Dec, 2026","Deadline : 15 Dec, 2028",SAR 900,https://eemis.mglsd.go.ug/jobs?id=6535,housemaid,TRUSTIN COMPANY LIMITED,Saudi Arabia,"Dec 02, 2024 - Dec 02, 2026 ",SAR 900,Domestic Worker,female domestic workers ,female domestic workers 						,"06 March, 2025",+256-776-027292
HOUSEMAIDS,AMIYAL SEFER LIMITED,./jobs?id=6476,Saudi Arabia,"30 Oct, 2025 - 30 Oct, 2027","Deadline : 31 Dec, 2025",SAR 900,https://eemis.mglsd.go.ug/jobs?id=6476,HOUSEMAIDS,AMIYAL SEFER LIMITED,Saudi Arabia,"Oct 30, 2025 - Oct 30, 2027 ",SAR 900,Domestic Worker,We are looking for HOUSEMAIDS with proven working experience (SHOULD UNDERGO TRAINING) in the relevant field and able to work independently and remain motivated.,We are looking for HOUSEMAIDS with proven working experience (SHOULD UNDERGO TRAINING) in the relevant field and able to work independently and remain motivated.,"30 October, 2025",+256-200-906963
WAITER,ELITE INTERNATIONAL CONSULTANTS JOB LINK LTD,./jobs?id=6466,Saudi Arabia,"23 May, 2025 - 23 May, 2027","Deadline : 31 Dec, 2025",SAR 1200,https://eemis.mglsd.go.ug/jobs?id=6466,WAITER,ELITE INTERNATIONAL CONSULTANTS JOB LINK LTD,Saudi Arabia,"May 23, 2025 - May 23, 2027 ",SAR 1200,Hospitality/Leisure/Travel,"The typical restaurant crew member completes a variety of food preparation, customer transaction and sanitation jobs. A main responsibility during the shift is to take customer orders and process payments. They may also work on preparing and expediting food orders. In between customers, crew members perform cleaning duties, such as clearing tables and sanitizing food preparation areas.","The typical restaurant crew member completes a variety of food preparation, customer transaction and sanitation jobs. A main responsibility during the shift is to take customer orders and process payments. They may also work on preparing and expediting food orders. In between customers, crew members perform cleaning duties, such as clearing tables and sanitizing food preparation areas.						","23 May, 2025",+256-775-715978
HOUSE MAID,HIREON AGENCY LIMITED,./jobs?id=6052,Saudi Arabia,"08 Jul, 2024 - 08 Jul, 2026","Deadline : 24 Nov, 2025",SAR 900,https://eemis.mglsd.go.ug/jobs?id=6052,HOUSE MAID,HIREON AGENCY LIMITED,Saudi Arabia,"Jul 08, 2024 - Jul 08, 2026 ",SAR 900,Domestic Worker,A house maid is a female servant  employed to do house work.,A house maid is a female servant  employed to do house work.						,"18 November, 2024",+256-786-702000
